TOD,Scenario,Station_Name,Ridership_Number,count_journey_time,per_train,lat,lon
am,Ridership_2017_observed,Bayshore,12,5,2.4,37.707716194010786,-122.40181692100869
am,Ridership_2017_observed,Belmont,2222,15,148.13333333333333,37.52120335901958,-122.27624353516848
am,Ridership_2017_observed,Blossom Hill,448,3,149.33333333333334,37.252451211010396,-121.79772696072882
am,Ridership_2017_observed,Burlingame,1595,14,113.92857142857143,37.579784239598354,-122.34406869702896
am,Ridership_2017_observed,California Ave,4554,15,303.6,37.428924920324114,-122.14130909428673
am,Ridership_2017_observed,Capitol,503,3,167.66666666666666,37.28400149341915,-121.84184124217718
am,Ridership_2017_observed,College Park,2907,14,207.64285714285714,37.34287482384451,-121.91566711874347
am,Ridership_2017_observed,Gilroy,145,3,48.333333333333336,37.004510163602646,-121.56675298501878
am,Ridership_2017_observed,Hayward Park,1901,14,135.78571428571428,37.5529445877276,-122.30942618742424
am,Ridership_2017_observed,Hillsdale,2251,15,150.06666666666666,37.54157217114981,-122.30068921820495
am,Ridership_2017_observed,Lawrence,3426,14,244.71428571428572,37.37054208586365,-121.99678611573393
am,Ridership_2017_observed,Menlo Park,2813,15,187.53333333333333,37.45481747441266,-122.18234505381756
am,Ridership_2017_observed,Millbrae,1487,14,106.21428571428571,37.60005813774365,-122.38716357110485
am,Ridership_2017_observed,Morgan Hill,358,3,119.33333333333333,37.12973319634205,-121.650645664784
am,Ridership_2017_observed,Mountain View,4637,15,309.1333333333333,37.39445754646227,-122.07593286878692
am,Ridership_2017_observed,Palo Alto,4420,15,294.6666666666667,37.44319218110702,-122.16441235036379
am,Ridership_2017_observed,Redwood City,3098,15,206.53333333333333,37.48575969310709,-122.23136195740514
am,Ridership_2017_observed,San Antonio,4547,15,303.1333333333333,37.407509282199506,-122.10751724793137
am,Ridership_2017_observed,San Bruno,380,9,42.22222222222222,37.630742889729746,-122.41180196248293
am,Ridership_2017_observed,San Carlos,2405,15,160.33333333333334,37.50812619416385,-122.26029797578131
am,Ridership_2017_observed,San Jose Diridon,2908,14,207.71428571428572,37.32973433784033,-121.90337965869688
am,Ridership_2017_observed,San Martin,214,3,71.33333333333333,37.08595316953493,-121.61044251655308
am,Ridership_2017_observed,San Mateo,1938,14,138.42857142857142,37.5681603459612,-122.32391967532075
am,Ridership_2017_observed,Santa Clara,3232,14,230.85714285714286,37.353207282614996,-121.93549376712492
am,Ridership_2017_observed,South San Francisco,228,8,28.5,37.65434311314393,-122.40632367452082
am,Ridership_2017_observed,Sunnyvale,4252,14,303.7142857142857,37.37884425148521,-122.03140710781794
am,Ridership_2017_observed,Tamien,1268,7,181.14285714285714,37.31274326682811,-121.88475697613043
am,Ridership_2040_HSR2,22nd St,25387,39,650.9487179487179,37.757576360740146,-122.39241209707016
am,Ridership_2040_HSR2,4th and King,24722,39,633.8974358974359,37.77673761681249,-122.39494716886722
am,Ridership_2040_HSR2,Atherton,21235,39,544.4871794871794,37.46447556254199,-122.19767440578178
am,Ridership_2040_HSR2,Bayshore,26029,39,667.4102564102565,37.707716194010786,-122.40181692100869
am,Ridership_2040_HSR2,Belmont,23270,39,596.6666666666666,37.52120335901958,-122.27624353516848
am,Ridership_2040_HSR2,Blossom Hill,1032,43,24.0,37.252451211010396,-121.79772696072882
am,Ridership_2040_HSR2,Broadway,25915,39,664.4871794871794,37.58728824070041,-122.36206316363042
am,Ridership_2040_HSR2,Burlingame,25882,39,663.6410256410256,37.579784239598354,-122.34406869702896
am,Ridership_2040_HSR2,California Ave,21827,39,559.6666666666666,37.428924920324114,-122.14130909428673
am,Ridership_2040_HSR2,Capitol,1308,43,30.41860465116279,37.28400149341915,-121.84184124217718
am,Ridership_2040_HSR2,Gilroy,238,43,5.534883720930233,37.004510163602646,-121.56675298501878
am,Ridership_2040_HSR2,Hayward Park,25001,39,641.0512820512821,37.5529445877276,-122.30942618742424
am,Ridership_2040_HSR2,Hillsdale,25673,39,658.2820512820513,37.54157217114981,-122.30068921820495
am,Ridership_2040_HSR2,Lawrence,13517,39,346.5897435897436,37.37054208586365,-121.99678611573393
am,Ridership_2040_HSR2,Menlo Park,21201,39,543.6153846153846,37.45481747441266,-122.18234505381756
am,Ridership_2040_HSR2,Millbrae,27652,39,709.025641025641,37.60005813774365,-122.38716357110485
am,Ridership_2040_HSR2,Morgan Hill,601,43,13.976744186046512,37.12973319634205,-121.650645664784
am,Ridership_2040_HSR2,Mountain View,21515,39,551.6666666666666,37.39445754646227,-122.07593286878692
am,Ridership_2040_HSR2,Palo Alto,23823,39,610.8461538461538,37.44319218110702,-122.16441235036379
am,Ridership_2040_HSR2,Redwood City,23624,39,605.7435897435897,37.48575969310709,-122.23136195740514
am,Ridership_2040_HSR2,San Antonio,20728,39,531.4871794871794,37.407509282199506,-122.10751724793137
am,Ridership_2040_HSR2,San Bruno,25995,39,666.5384615384615,37.630742889729746,-122.41180196248293
am,Ridership_2040_HSR2,San Carlos,23388,39,599.6923076923077,37.50812619416385,-122.26029797578131
am,Ridership_2040_HSR2,San Jose Diridon,9766,43,227.11627906976744,37.32973433784033,-121.90337965869688
am,Ridership_2040_HSR2,San Mateo,25931,39,664.8974358974359,37.5681603459612,-122.32391967532075
am,Ridership_2040_HSR2,Santa Clara,11110,39,284.87179487179486,37.353207282614996,-121.93549376712492
am,Ridership_2040_HSR2,South San Francisco,26200,39,671.7948717948718,37.65434311314393,-122.40632367452082
am,Ridership_2040_HSR2,Sunnyvale,17931,39,459.7692307692308,37.37884425148521,-122.03140710781794
am,Ridership_2040_HSR2,Tamien,3225,43,75.0,37.31274326682811,-121.88475697613043
am,Ridership_2040_HSR2,Transbay,14217,39,364.53846153846155,37.789051867125714,-122.39702424974188
am,Ridership_2040_high,22nd St,22267,59,377.40677966101697,37.757576360740146,-122.39241209707016
am,Ridership_2040_high,4th and King,20807,58,358.7413793103448,37.77673761681249,-122.39494716886722
am,Ridership_2040_high,Atherton,17580,58,303.1034482758621,37.46447556254199,-122.19767440578178
am,Ridership_2040_high,Bayshore,21695,59,367.7118644067797,37.707716194010786,-122.40181692100869
am,Ridership_2040_high,Belmont,18647,39,478.12820512820514,37.52120335901958,-122.27624353516848
am,Ridership_2040_high,Blossom Hill,1329,45,29.533333333333335,37.252451211010396,-121.79772696072882
am,Ridership_2040_high,Broadway,20924,59,354.64406779661016,37.58728824070041,-122.36206316363042
am,Ridership_2040_high,Burlingame,20684,59,350.5762711864407,37.579784239598354,-122.34406869702896
am,Ridership_2040_high,California Ave,18826,57,330.280701754386,37.428924920324114,-122.14130909428673
am,Ridership_2040_high,Capitol,1810,45,40.22222222222222,37.28400149341915,-121.84184124217718
am,Ridership_2040_high,Gilroy,183,45,4.066666666666666,37.004510163602646,-121.56675298501878
am,Ridership_2040_high,Hayward Park,20208,59,342.50847457627117,37.5529445877276,-122.30942618742424
am,Ridership_2040_high,Hillsdale,21014,59,356.1694915254237,37.54157217114981,-122.30068921820495
am,Ridership_2040_high,Lawrence,12115,36,336.52777777777777,37.37054208586365,-121.99678611573393
am,Ridership_2040_high,Menlo Park,18249,58,314.63793103448273,37.45481747441266,-122.18234505381756
am,Ridership_2040_high,Millbrae,22547,59,382.1525423728813,37.60005813774365,-122.38716357110485
am,Ridership_2040_high,Morgan Hill,406,45,9.022222222222222,37.12973319634205,-121.650645664784
am,Ridership_2040_high,Mountain View,21200,57,371.9298245614035,37.39445754646227,-122.07593286878692
am,Ridership_2040_high,Palo Alto,20987,58,361.8448275862069,37.44319218110702,-122.16441235036379
am,Ridership_2040_high,Redwood City,20445,58,352.5,37.48575969310709,-122.23136195740514
am,Ridership_2040_high,San Antonio,18825,57,330.2631578947368,37.407509282199506,-122.10751724793137
am,Ridership_2040_high,San Bruno,21432,59,363.2542372881356,37.630742889729746,-122.41180196248293
am,Ridership_2040_high,San Carlos,19521,39,500.53846153846155,37.50812619416385,-122.26029797578131
am,Ridership_2040_high,San Jose Diridon,11098,54,205.5185185185185,37.32973433784033,-121.90337965869688
am,Ridership_2040_high,San Mateo,20910,59,354.40677966101697,37.5681603459612,-122.32391967532075
am,Ridership_2040_high,Santa Clara,11253,36,312.5833333333333,37.353207282614996,-121.93549376712492
am,Ridership_2040_high,South San Francisco,22373,59,379.20338983050846,37.65434311314393,-122.40632367452082
am,Ridership_2040_high,Sunnyvale,17424,57,305.6842105263158,37.37884425148521,-122.03140710781794
am,Ridership_2040_high,Tamien,4391,54,81.31481481481481,37.31274326682811,-121.88475697613043
am,Ridership_2040_high,Transbay,10482,58,180.72413793103448,37.789051867125714,-122.39702424974188
am,Ridership_2040_moderate,22nd St,21024,47,447.3191489361702,37.757576360740146,-122.39241209707016
am,Ridership_2040_moderate,4th and King,20830,47,443.1914893617021,37.77673761681249,-122.39494716886722
am,Ridership_2040_moderate,Atherton,13721,21,653.3809523809524,37.46447556254199,-122.19767440578178
am,Ridership_2040_moderate,Bayshore,20565,47,437.5531914893617,37.707716194010786,-122.40181692100869
am,Ridership_2040_moderate,Belmont,16368,40,409.2,37.52120335901958,-122.27624353516848
am,Ridership_2040_moderate,Blossom Hill,1074,45,23.866666666666667,37.252451211010396,-121.79772696072882
am,Ridership_2040_moderate,Broadway,19485,40,487.125,37.58728824070041,-122.36206316363042
am,Ridership_2040_moderate,Burlingame,19359,40,483.975,37.579784239598354,-122.34406869702896
am,Ridership_2040_moderate,California Ave,14628,40,365.7,37.428924920324114,-122.14130909428673
am,Ridership_2040_moderate,Capitol,1075,45,23.88888888888889,37.28400149341915,-121.84184124217718
am,Ridership_2040_moderate,Gilroy,125,45,2.7777777777777777,37.004510163602646,-121.56675298501878
am,Ridership_2040_moderate,Hayward Park,18504,40,462.6,37.5529445877276,-122.30942618742424
am,Ridership_2040_moderate,Hillsdale,18871,40,471.775,37.54157217114981,-122.30068921820495
am,Ridership_2040_moderate,Lawrence,7744,21,368.76190476190476,37.37054208586365,-121.99678611573393
am,Ridership_2040_moderate,Menlo Park,13928,21,663.2380952380952,37.45481747441266,-122.18234505381756
am,Ridership_2040_moderate,Millbrae,21206,47,451.1914893617021,37.60005813774365,-122.38716357110485
am,Ridership_2040_moderate,Morgan Hill,308,45,6.844444444444444,37.12973319634205,-121.650645664784
am,Ridership_2040_moderate,Mountain View,15507,40,387.675,37.39445754646227,-122.07593286878692
am,Ridership_2040_moderate,Palo Alto,16097,40,402.425,37.44319218110702,-122.16441235036379
am,Ridership_2040_moderate,Redwood City,16259,40,406.475,37.48575969310709,-122.23136195740514
am,Ridership_2040_moderate,San Antonio,13209,40,330.225,37.407509282199506,-122.10751724793137
am,Ridership_2040_moderate,San Bruno,20241,47,430.6595744680851,37.630742889729746,-122.41180196248293
am,Ridership_2040_moderate,San Carlos,16125,40,403.125,37.50812619416385,-122.26029797578131
am,Ridership_2040_moderate,San Jose Diridon,7326,45,162.8,37.32973433784033,-121.90337965869688
am,Ridership_2040_moderate,San Mateo,19049,40,476.225,37.5681603459612,-122.32391967532075
am,Ridership_2040_moderate,Santa Clara,7486,21,356.4761904761905,37.353207282614996,-121.93549376712492
am,Ridership_2040_moderate,South San Francisco,21104,47,449.02127659574467,37.65434311314393,-122.40632367452082
am,Ridership_2040_moderate,Sunnyvale,12466,40,311.65,37.37884425148521,-122.03140710781794
am,Ridership_2040_moderate,Tamien,1843,45,40.955555555555556,37.31274326682811,-121.88475697613043
am,Ridership_2040_moderate,Transbay,11824,47,251.5744680851064,37.789051867125714,-122.39702424974188
ea,Ridership_2017_observed,Bayshore,5,2,2.5,37.707716194010786,-122.40181692100869
ea,Ridership_2017_observed,Belmont,58,4,14.5,37.52120335901958,-122.27624353516848
ea,Ridership_2017_observed,Burlingame,68,4,17.0,37.579784239598354,-122.34406869702896
ea,Ridership_2017_observed,California Ave,67,4,16.75,37.428924920324114,-122.14130909428673
ea,Ridership_2017_observed,Hayward Park,67,4,16.75,37.5529445877276,-122.30942618742424
ea,Ridership_2017_observed,Hillsdale,64,4,16.0,37.54157217114981,-122.30068921820495
ea,Ridership_2017_observed,Lawrence,38,4,9.5,37.37054208586365,-121.99678611573393
ea,Ridership_2017_observed,Menlo Park,33,4,8.25,37.45481747441266,-122.18234505381756
ea,Ridership_2017_observed,Millbrae,65,4,16.25,37.60005813774365,-122.38716357110485
ea,Ridership_2017_observed,Mountain View,62,4,15.5,37.39445754646227,-122.07593286878692
ea,Ridership_2017_observed,Palo Alto,60,4,15.0,37.44319218110702,-122.16441235036379
ea,Ridership_2017_observed,Redwood City,31,4,7.75,37.48575969310709,-122.23136195740514
ea,Ridership_2017_observed,San Antonio,65,4,16.25,37.407509282199506,-122.10751724793137
ea,Ridership_2017_observed,San Bruno,20,3,6.666666666666667,37.630742889729746,-122.41180196248293
ea,Ridership_2017_observed,San Carlos,54,4,13.5,37.50812619416385,-122.26029797578131
ea,Ridership_2017_observed,San Jose Diridon,13,4,3.25,37.32973433784033,-121.90337965869688
ea,Ridership_2017_observed,San Mateo,66,4,16.5,37.5681603459612,-122.32391967532075
ea,Ridership_2017_observed,Santa Clara,25,4,6.25,37.353207282614996,-121.93549376712492
ea,Ridership_2017_observed,South San Francisco,13,3,4.333333333333333,37.65434311314393,-122.40632367452082
ea,Ridership_2017_observed,Sunnyvale,63,4,15.75,37.37884425148521,-122.03140710781794
ea,Ridership_2017_observed,Tamien,2,3,0.6666666666666666,37.31274326682811,-121.88475697613043
ea,Ridership_2040_HSR2,22nd St,244,5,48.8,37.757576360740146,-122.39241209707016
ea,Ridership_2040_HSR2,4th and King,222,5,44.4,37.77673761681249,-122.39494716886722
ea,Ridership_2040_HSR2,Atherton,273,5,54.6,37.46447556254199,-122.19767440578178
ea,Ridership_2040_HSR2,Bayshore,249,5,49.8,37.707716194010786,-122.40181692100869
ea,Ridership_2040_HSR2,Belmont,312,5,62.4,37.52120335901958,-122.27624353516848
ea,Ridership_2040_HSR2,Blossom Hill,0,6,0.0,37.252451211010396,-121.79772696072882
ea,Ridership_2040_HSR2,Broadway,291,5,58.2,37.58728824070041,-122.36206316363042
ea,Ridership_2040_HSR2,Burlingame,298,5,59.6,37.579784239598354,-122.34406869702896
ea,Ridership_2040_HSR2,California Ave,253,5,50.6,37.428924920324114,-122.14130909428673
ea,Ridership_2040_HSR2,Capitol,0,6,0.0,37.28400149341915,-121.84184124217718
ea,Ridership_2040_HSR2,Gilroy,0,6,0.0,37.004510163602646,-121.56675298501878
ea,Ridership_2040_HSR2,Hayward Park,303,5,60.6,37.5529445877276,-122.30942618742424
ea,Ridership_2040_HSR2,Hillsdale,310,5,62.0,37.54157217114981,-122.30068921820495
ea,Ridership_2040_HSR2,Lawrence,144,5,28.8,37.37054208586365,-121.99678611573393
ea,Ridership_2040_HSR2,Menlo Park,261,5,52.2,37.45481747441266,-122.18234505381756
ea,Ridership_2040_HSR2,Millbrae,287,5,57.4,37.60005813774365,-122.38716357110485
ea,Ridership_2040_HSR2,Morgan Hill,0,6,0.0,37.12973319634205,-121.650645664784
ea,Ridership_2040_HSR2,Mountain View,227,5,45.4,37.39445754646227,-122.07593286878692
ea,Ridership_2040_HSR2,Palo Alto,279,5,55.8,37.44319218110702,-122.16441235036379
ea,Ridership_2040_HSR2,Redwood City,324,5,64.8,37.48575969310709,-122.23136195740514
ea,Ridership_2040_HSR2,San Antonio,234,5,46.8,37.407509282199506,-122.10751724793137
ea,Ridership_2040_HSR2,San Bruno,258,5,51.6,37.630742889729746,-122.41180196248293
ea,Ridership_2040_HSR2,San Carlos,316,5,63.2,37.50812619416385,-122.26029797578131
ea,Ridership_2040_HSR2,San Jose Diridon,81,6,13.5,37.32973433784033,-121.90337965869688
ea,Ridership_2040_HSR2,San Mateo,299,5,59.8,37.5681603459612,-122.32391967532075
ea,Ridership_2040_HSR2,Santa Clara,102,5,20.4,37.353207282614996,-121.93549376712492
ea,Ridership_2040_HSR2,South San Francisco,254,5,50.8,37.65434311314393,-122.40632367452082
ea,Ridership_2040_HSR2,Sunnyvale,191,5,38.2,37.37884425148521,-122.03140710781794
ea,Ridership_2040_HSR2,Tamien,12,6,2.0,37.31274326682811,-121.88475697613043
ea,Ridership_2040_HSR2,Transbay,103,5,20.6,37.789051867125714,-122.39702424974188
ea,Ridership_2040_high,22nd St,415,7,59.285714285714285,37.757576360740146,-122.39241209707016
ea,Ridership_2040_high,4th and King,375,4,93.75,37.77673761681249,-122.39494716886722
ea,Ridership_2040_high,Atherton,338,10,33.8,37.46447556254199,-122.19767440578178
ea,Ridership_2040_high,Bayshore,432,7,61.714285714285715,37.707716194010786,-122.40181692100869
ea,Ridership_2040_high,Belmont,433,7,61.857142857142854,37.52120335901958,-122.27624353516848
ea,Ridership_2040_high,Blossom Hill,17,5,3.4,37.252451211010396,-121.79772696072882
ea,Ridership_2040_high,Burlingame,519,7,74.14285714285714,37.579784239598354,-122.34406869702896
ea,Ridership_2040_high,California Ave,329,10,32.9,37.428924920324114,-122.14130909428673
ea,Ridership_2040_high,Capitol,24,5,4.8,37.28400149341915,-121.84184124217718
ea,Ridership_2040_high,Gilroy,3,5,0.6,37.004510163602646,-121.56675298501878
ea,Ridership_2040_high,Hayward Park,512,7,73.14285714285714,37.5529445877276,-122.30942618742424
ea,Ridership_2040_high,Hillsdale,493,7,70.42857142857143,37.54157217114981,-122.30068921820495
ea,Ridership_2040_high,Lawrence,208,10,20.8,37.37054208586365,-121.99678611573393
ea,Ridership_2040_high,Menlo Park,328,10,32.8,37.45481747441266,-122.18234505381756
ea,Ridership_2040_high,Millbrae,503,7,71.85714285714286,37.60005813774365,-122.38716357110485
ea,Ridership_2040_high,Morgan Hill,6,5,1.2,37.12973319634205,-121.650645664784
ea,Ridership_2040_high,Mountain View,293,10,29.3,37.39445754646227,-122.07593286878692
ea,Ridership_2040_high,Palo Alto,365,10,36.5,37.44319218110702,-122.16441235036379
ea,Ridership_2040_high,Redwood City,399,10,39.9,37.48575969310709,-122.23136195740514
ea,Ridership_2040_high,San Antonio,307,10,30.7,37.407509282199506,-122.10751724793137
ea,Ridership_2040_high,San Bruno,459,7,65.57142857142857,37.630742889729746,-122.41180196248293
ea,Ridership_2040_high,San Carlos,412,8,51.5,37.50812619416385,-122.26029797578131
ea,Ridership_2040_high,San Jose Diridon,146,11,13.272727272727273,37.32973433784033,-121.90337965869688
ea,Ridership_2040_high,San Mateo,531,7,75.85714285714286,37.5681603459612,-122.32391967532075
ea,Ridership_2040_high,Santa Clara,166,10,16.6,37.353207282614996,-121.93549376712492
ea,Ridership_2040_high,South San Francisco,447,7,63.857142857142854,37.65434311314393,-122.40632367452082
ea,Ridership_2040_high,Sunnyvale,259,10,25.9,37.37884425148521,-122.03140710781794
ea,Ridership_2040_high,Tamien,57,11,5.181818181818182,37.31274326682811,-121.88475697613043
ea,Ridership_2040_high,Transbay,195,4,48.75,37.789051867125714,-122.39702424974188
ea,Ridership_2040_moderate,22nd St,278,5,55.6,37.757576360740146,-122.39241209707016
ea,Ridership_2040_moderate,4th and King,264,5,52.8,37.77673761681249,-122.39494716886722
ea,Ridership_2040_moderate,Atherton,319,5,63.8,37.46447556254199,-122.19767440578178
ea,Ridership_2040_moderate,Bayshore,288,5,57.6,37.707716194010786,-122.40181692100869
ea,Ridership_2040_moderate,Blossom Hill,10,6,1.6666666666666667,37.252451211010396,-121.79772696072882
ea,Ridership_2040_moderate,Broadway,326,5,65.2,37.58728824070041,-122.36206316363042
ea,Ridership_2040_moderate,Burlingame,332,5,66.4,37.579784239598354,-122.34406869702896
ea,Ridership_2040_moderate,California Ave,314,6,52.333333333333336,37.428924920324114,-122.14130909428673
ea,Ridership_2040_moderate,Capitol,14,6,2.3333333333333335,37.28400149341915,-121.84184124217718
ea,Ridership_2040_moderate,Gilroy,2,6,0.3333333333333333,37.004510163602646,-121.56675298501878
ea,Ridership_2040_moderate,Hayward Park,339,5,67.8,37.5529445877276,-122.30942618742424
ea,Ridership_2040_moderate,Hillsdale,350,5,70.0,37.54157217114981,-122.30068921820495
ea,Ridership_2040_moderate,Lawrence,198,6,33.0,37.37054208586365,-121.99678611573393
ea,Ridership_2040_moderate,Menlo Park,327,5,65.4,37.45481747441266,-122.18234505381756
ea,Ridership_2040_moderate,Millbrae,319,5,63.8,37.60005813774365,-122.38716357110485
ea,Ridership_2040_moderate,Morgan Hill,4,6,0.6666666666666666,37.12973319634205,-121.650645664784
ea,Ridership_2040_moderate,Mountain View,285,6,47.5,37.39445754646227,-122.07593286878692
ea,Ridership_2040_moderate,Palo Alto,348,6,58.0,37.44319218110702,-122.16441235036379
ea,Ridership_2040_moderate,Redwood City,372,5,74.4,37.48575969310709,-122.23136195740514
ea,Ridership_2040_moderate,San Antonio,298,6,49.666666666666664,37.407509282199506,-122.10751724793137
ea,Ridership_2040_moderate,San Bruno,301,5,60.2,37.630742889729746,-122.41180196248293
ea,Ridership_2040_moderate,San Jose Diridon,132,7,18.857142857142858,37.32973433784033,-121.90337965869688
ea,Ridership_2040_moderate,San Mateo,332,5,66.4,37.5681603459612,-122.32391967532075
ea,Ridership_2040_moderate,Santa Clara,154,6,25.666666666666668,37.353207282614996,-121.93549376712492
ea,Ridership_2040_moderate,South San Francisco,297,5,59.4,37.65434311314393,-122.40632367452082
ea,Ridership_2040_moderate,Sunnyvale,250,6,41.666666666666664,37.37884425148521,-122.03140710781794
ea,Ridership_2040_moderate,Tamien,46,7,6.571428571428571,37.31274326682811,-121.88475697613043
ea,Ridership_2040_moderate,Transbay,135,5,27.0,37.789051867125714,-122.39702424974188
ev,Ridership_2017_observed,Bayshore,27,5,5.4,37.707716194010786,-122.40181692100869
ev,Ridership_2017_observed,Belmont,505,4,126.25,37.52120335901958,-122.27624353516848
ev,Ridership_2017_observed,Burlingame,330,5,66.0,37.579784239598354,-122.34406869702896
ev,Ridership_2017_observed,California Ave,390,4,97.5,37.428924920324114,-122.14130909428673
ev,Ridership_2017_observed,Hayward Park,431,5,86.2,37.5529445877276,-122.30942618742424
ev,Ridership_2017_observed,Hillsdale,473,5,94.6,37.54157217114981,-122.30068921820495
ev,Ridership_2017_observed,Lawrence,221,3,73.66666666666667,37.37054208586365,-121.99678611573393
ev,Ridership_2017_observed,Menlo Park,519,4,129.75,37.45481747441266,-122.18234505381756
ev,Ridership_2017_observed,Millbrae,288,5,57.6,37.60005813774365,-122.38716357110485
ev,Ridership_2017_observed,Mountain View,357,4,89.25,37.39445754646227,-122.07593286878692
ev,Ridership_2017_observed,Palo Alto,540,4,135.0,37.44319218110702,-122.16441235036379
ev,Ridership_2017_observed,Redwood City,593,4,148.25,37.48575969310709,-122.23136195740514
ev,Ridership_2017_observed,San Antonio,348,4,87.0,37.407509282199506,-122.10751724793137
ev,Ridership_2017_observed,San Bruno,104,5,20.8,37.630742889729746,-122.41180196248293
ev,Ridership_2017_observed,San Carlos,573,4,143.25,37.50812619416385,-122.26029797578131
ev,Ridership_2017_observed,San Jose Diridon,128,3,42.666666666666664,37.32973433784033,-121.90337965869688
ev,Ridership_2017_observed,San Mateo,426,5,85.2,37.5681603459612,-122.32391967532075
ev,Ridership_2017_observed,Santa Clara,168,3,56.0,37.353207282614996,-121.93549376712492
ev,Ridership_2017_observed,South San Francisco,45,5,9.0,37.65434311314393,-122.40632367452082
ev,Ridership_2017_observed,Sunnyvale,262,4,65.5,37.37884425148521,-122.03140710781794
ev,Ridership_2017_observed,Tamien,2,2,1.0,37.31274326682811,-121.88475697613043
ev,Ridership_2040_HSR2,22nd St,2259,24,94.125,37.757576360740146,-122.39241209707016
ev,Ridership_2040_HSR2,4th and King,2006,28,71.64285714285714,37.77673761681249,-122.39494716886722
ev,Ridership_2040_HSR2,Atherton,2821,23,122.65217391304348,37.46447556254199,-122.19767440578178
ev,Ridership_2040_HSR2,Bayshore,2226,24,92.75,37.707716194010786,-122.40181692100869
ev,Ridership_2040_HSR2,Belmont,2767,23,120.30434782608695,37.52120335901958,-122.27624353516848
ev,Ridership_2040_HSR2,Blossom Hill,0,23,0.0,37.252451211010396,-121.79772696072882
ev,Ridership_2040_HSR2,Broadway,2606,23,113.30434782608695,37.58728824070041,-122.36206316363042
ev,Ridership_2040_HSR2,Burlingame,2621,23,113.95652173913044,37.579784239598354,-122.34406869702896
ev,Ridership_2040_HSR2,California Ave,2179,23,94.73913043478261,37.428924920324114,-122.14130909428673
ev,Ridership_2040_HSR2,Capitol,0,23,0.0,37.28400149341915,-121.84184124217718
ev,Ridership_2040_HSR2,Gilroy,0,23,0.0,37.004510163602646,-121.56675298501878
ev,Ridership_2040_HSR2,Hayward Park,2700,23,117.3913043478261,37.5529445877276,-122.30942618742424
ev,Ridership_2040_HSR2,Hillsdale,2937,23,127.69565217391305,37.54157217114981,-122.30068921820495
ev,Ridership_2040_HSR2,Lawrence,1295,23,56.30434782608695,37.37054208586365,-121.99678611573393
ev,Ridership_2040_HSR2,Menlo Park,2850,23,123.91304347826087,37.45481747441266,-122.18234505381756
ev,Ridership_2040_HSR2,Millbrae,2670,24,111.25,37.60005813774365,-122.38716357110485
ev,Ridership_2040_HSR2,Morgan Hill,0,23,0.0,37.12973319634205,-121.650645664784
ev,Ridership_2040_HSR2,Mountain View,2046,23,88.95652173913044,37.39445754646227,-122.07593286878692
ev,Ridership_2040_HSR2,Palo Alto,3054,23,132.7826086956522,37.44319218110702,-122.16441235036379
ev,Ridership_2040_HSR2,Redwood City,3064,23,133.2173913043478,37.48575969310709,-122.23136195740514
ev,Ridership_2040_HSR2,San Antonio,2065,23,89.78260869565217,37.407509282199506,-122.10751724793137
ev,Ridership_2040_HSR2,San Bruno,2184,24,91.0,37.630742889729746,-122.41180196248293
ev,Ridership_2040_HSR2,San Carlos,2781,23,120.91304347826087,37.50812619416385,-122.26029797578131
ev,Ridership_2040_HSR2,San Jose Diridon,933,23,40.56521739130435,37.32973433784033,-121.90337965869688
ev,Ridership_2040_HSR2,San Mateo,2747,23,119.43478260869566,37.5681603459612,-122.32391967532075
ev,Ridership_2040_HSR2,Santa Clara,1047,23,45.52173913043478,37.353207282614996,-121.93549376712492
ev,Ridership_2040_HSR2,South San Francisco,2167,24,90.29166666666667,37.65434311314393,-122.40632367452082
ev,Ridership_2040_HSR2,Sunnyvale,1579,23,68.65217391304348,37.37884425148521,-122.03140710781794
ev,Ridership_2040_HSR2,Tamien,237,23,10.304347826086957,37.31274326682811,-121.88475697613043
ev,Ridership_2040_HSR2,Transbay,1229,28,43.892857142857146,37.789051867125714,-122.39702424974188
ev,Ridership_2040_high,22nd St,3940,50,78.8,37.757576360740146,-122.39241209707016
ev,Ridership_2040_high,4th and King,3831,50,76.62,37.77673761681249,-122.39494716886722
ev,Ridership_2040_high,Atherton,4200,34,123.52941176470588,37.46447556254199,-122.19767440578178
ev,Ridership_2040_high,Bayshore,3424,50,68.48,37.707716194010786,-122.40181692100869
ev,Ridership_2040_high,Belmont,3877,26,149.1153846153846,37.52120335901958,-122.27624353516848
ev,Ridership_2040_high,Blossom Hill,462,36,12.833333333333334,37.252451211010396,-121.79772696072882
ev,Ridership_2040_high,Broadway,3611,34,106.20588235294117,37.58728824070041,-122.36206316363042
ev,Ridership_2040_high,Burlingame,3586,34,105.47058823529412,37.579784239598354,-122.34406869702896
ev,Ridership_2040_high,California Ave,3117,33,94.45454545454545,37.428924920324114,-122.14130909428673
ev,Ridership_2040_high,Capitol,681,36,18.916666666666668,37.28400149341915,-121.84184124217718
ev,Ridership_2040_high,Gilroy,77,36,2.138888888888889,37.004510163602646,-121.56675298501878
ev,Ridership_2040_high,Hayward Park,3687,34,108.44117647058823,37.5529445877276,-122.30942618742424
ev,Ridership_2040_high,Hillsdale,4097,34,120.5,37.54157217114981,-122.30068921820495
ev,Ridership_2040_high,Lawrence,2021,26,77.73076923076923,37.37054208586365,-121.99678611573393
ev,Ridership_2040_high,Menlo Park,4227,34,124.32352941176471,37.45481747441266,-122.18234505381756
ev,Ridership_2040_high,Millbrae,3843,50,76.86,37.60005813774365,-122.38716357110485
ev,Ridership_2040_high,Morgan Hill,171,36,4.75,37.12973319634205,-121.650645664784
ev,Ridership_2040_high,Mountain View,3320,33,100.60606060606061,37.39445754646227,-122.07593286878692
ev,Ridership_2040_high,Palo Alto,4559,34,134.08823529411765,37.44319218110702,-122.16441235036379
ev,Ridership_2040_high,Redwood City,4568,34,134.35294117647058,37.48575969310709,-122.23136195740514
ev,Ridership_2040_high,San Antonio,3112,33,94.3030303030303,37.407509282199506,-122.10751724793137
ev,Ridership_2040_high,San Bruno,3411,50,68.22,37.630742889729746,-122.41180196248293
ev,Ridership_2040_high,San Carlos,3969,26,152.65384615384616,37.50812619416385,-122.26029797578131
ev,Ridership_2040_high,San Jose Diridon,2058,36,57.166666666666664,37.32973433784033,-121.90337965869688
ev,Ridership_2040_high,San Mateo,3675,34,108.08823529411765,37.5681603459612,-122.32391967532075
ev,Ridership_2040_high,Santa Clara,1973,26,75.88461538461539,37.353207282614996,-121.93549376712492
ev,Ridership_2040_high,South San Francisco,3638,50,72.76,37.65434311314393,-122.40632367452082
ev,Ridership_2040_high,Sunnyvale,2709,32,84.65625,37.37884425148521,-122.03140710781794
ev,Ridership_2040_high,Tamien,1066,36,29.61111111111111,37.31274326682811,-121.88475697613043
ev,Ridership_2040_high,Transbay,2580,50,51.6,37.789051867125714,-122.39702424974188
ev,Ridership_2040_moderate,22nd St,4383,45,97.4,37.757576360740146,-122.39241209707016
ev,Ridership_2040_moderate,4th and King,4328,46,94.08695652173913,37.77673761681249,-122.39494716886722
ev,Ridership_2040_moderate,Atherton,4820,28,172.14285714285714,37.46447556254199,-122.19767440578178
ev,Ridership_2040_moderate,Bayshore,4060,45,90.22222222222223,37.707716194010786,-122.40181692100869
ev,Ridership_2040_moderate,Belmont,4668,31,150.58064516129033,37.52120335901958,-122.27624353516848
ev,Ridership_2040_moderate,Blossom Hill,369,35,10.542857142857143,37.252451211010396,-121.79772696072882
ev,Ridership_2040_moderate,Broadway,4408,32,137.75,37.58728824070041,-122.36206316363042
ev,Ridership_2040_moderate,Burlingame,4429,32,138.40625,37.579784239598354,-122.34406869702896
ev,Ridership_2040_moderate,California Ave,3650,29,125.86206896551724,37.428924920324114,-122.14130909428673
ev,Ridership_2040_moderate,Capitol,541,35,15.457142857142857,37.28400149341915,-121.84184124217718
ev,Ridership_2040_moderate,Gilroy,57,35,1.6285714285714286,37.004510163602646,-121.56675298501878
ev,Ridership_2040_moderate,Hayward Park,4470,32,139.6875,37.5529445877276,-122.30942618742424
ev,Ridership_2040_moderate,Hillsdale,4954,32,154.8125,37.54157217114981,-122.30068921820495
ev,Ridership_2040_moderate,Lawrence,2157,28,77.03571428571429,37.37054208586365,-121.99678611573393
ev,Ridership_2040_moderate,Menlo Park,4804,28,171.57142857142858,37.45481747441266,-122.18234505381756
ev,Ridership_2040_moderate,Millbrae,4638,45,103.06666666666666,37.60005813774365,-122.38716357110485
ev,Ridership_2040_moderate,Morgan Hill,130,35,3.7142857142857144,37.12973319634205,-121.650645664784
ev,Ridership_2040_moderate,Mountain View,3505,29,120.86206896551724,37.39445754646227,-122.07593286878692
ev,Ridership_2040_moderate,Palo Alto,5134,29,177.0344827586207,37.44319218110702,-122.16441235036379
ev,Ridership_2040_moderate,Redwood City,5223,31,168.48387096774192,37.48575969310709,-122.23136195740514
ev,Ridership_2040_moderate,San Antonio,3468,29,119.58620689655173,37.407509282199506,-122.10751724793137
ev,Ridership_2040_moderate,San Bruno,4167,45,92.6,37.630742889729746,-122.41180196248293
ev,Ridership_2040_moderate,San Carlos,4654,31,150.1290322580645,37.50812619416385,-122.26029797578131
ev,Ridership_2040_moderate,San Jose Diridon,1910,35,54.57142857142857,37.32973433784033,-121.90337965869688
ev,Ridership_2040_moderate,San Mateo,4413,32,137.90625,37.5681603459612,-122.32391967532075
ev,Ridership_2040_moderate,Santa Clara,1999,28,71.39285714285714,37.353207282614996,-121.93549376712492
ev,Ridership_2040_moderate,South San Francisco,4323,45,96.06666666666666,37.65434311314393,-122.40632367452082
ev,Ridership_2040_moderate,Sunnyvale,2865,28,102.32142857142857,37.37884425148521,-122.03140710781794
ev,Ridership_2040_moderate,Tamien,929,35,26.542857142857144,37.31274326682811,-121.88475697613043
ev,Ridership_2040_moderate,Transbay,2882,46,62.65217391304348,37.789051867125714,-122.39702424974188
md,Ridership_2017_observed,Bayshore,16,4,4.0,37.707716194010786,-122.40181692100869
md,Ridership_2017_observed,Belmont,471,5,94.2,37.52120335901958,-122.27624353516848
md,Ridership_2017_observed,Burlingame,327,5,65.4,37.579784239598354,-122.34406869702896
md,Ridership_2017_observed,California Ave,510,5,102.0,37.428924920324114,-122.14130909428673
md,Ridership_2017_observed,Hayward Park,386,5,77.2,37.5529445877276,-122.30942618742424
md,Ridership_2017_observed,Hillsdale,455,5,91.0,37.54157217114981,-122.30068921820495
md,Ridership_2017_observed,Lawrence,300,5,60.0,37.37054208586365,-121.99678611573393
md,Ridership_2017_observed,Menlo Park,520,5,104.0,37.45481747441266,-122.18234505381756
md,Ridership_2017_observed,Millbrae,270,5,54.0,37.60005813774365,-122.38716357110485
md,Ridership_2017_observed,Mountain View,505,5,101.0,37.39445754646227,-122.07593286878692
md,Ridership_2017_observed,Palo Alto,659,5,131.8,37.44319218110702,-122.16441235036379
md,Ridership_2017_observed,Redwood City,539,5,107.8,37.48575969310709,-122.23136195740514
md,Ridership_2017_observed,San Antonio,505,5,101.0,37.407509282199506,-122.10751724793137
md,Ridership_2017_observed,San Bruno,73,5,14.6,37.630742889729746,-122.41180196248293
md,Ridership_2017_observed,San Carlos,476,5,95.2,37.50812619416385,-122.26029797578131
md,Ridership_2017_observed,San Jose Diridon,201,5,40.2,37.32973433784033,-121.90337965869688
md,Ridership_2017_observed,San Mateo,388,5,77.6,37.5681603459612,-122.32391967532075
md,Ridership_2017_observed,Santa Clara,261,5,52.2,37.353207282614996,-121.93549376712492
md,Ridership_2017_observed,South San Francisco,33,4,8.25,37.65434311314393,-122.40632367452082
md,Ridership_2017_observed,Sunnyvale,389,5,77.8,37.37884425148521,-122.03140710781794
md,Ridership_2017_observed,Tamien,19,1,19.0,37.31274326682811,-121.88475697613043
md,Ridership_2040_HSR2,22nd St,2931,20,146.55,37.757576360740146,-122.39241209707016
md,Ridership_2040_HSR2,4th and King,2647,20,132.35,37.77673761681249,-122.39494716886722
md,Ridership_2040_HSR2,Atherton,2859,20,142.95,37.46447556254199,-122.19767440578178
md,Ridership_2040_HSR2,Bayshore,3037,20,151.85,37.707716194010786,-122.40181692100869
md,Ridership_2040_HSR2,Belmont,3084,20,154.2,37.52120335901958,-122.27624353516848
md,Ridership_2040_HSR2,Broadway,3275,20,163.75,37.58728824070041,-122.36206316363042
md,Ridership_2040_HSR2,Burlingame,3269,20,163.45,37.579784239598354,-122.34406869702896
md,Ridership_2040_HSR2,California Ave,2500,20,125.0,37.428924920324114,-122.14130909428673
md,Ridership_2040_HSR2,Gilroy,0,20,0.0,37.004510163602646,-121.56675298501878
md,Ridership_2040_HSR2,Hayward Park,3213,20,160.65,37.5529445877276,-122.30942618742424
md,Ridership_2040_HSR2,Hillsdale,3311,20,165.55,37.54157217114981,-122.30068921820495
md,Ridership_2040_HSR2,Lawrence,1429,20,71.45,37.37054208586365,-121.99678611573393
md,Ridership_2040_HSR2,Menlo Park,2882,20,144.1,37.45481747441266,-122.18234505381756
md,Ridership_2040_HSR2,Millbrae,3375,20,168.75,37.60005813774365,-122.38716357110485
md,Ridership_2040_HSR2,Mountain View,2286,20,114.3,37.39445754646227,-122.07593286878692
md,Ridership_2040_HSR2,Palo Alto,3134,20,156.7,37.44319218110702,-122.16441235036379
md,Ridership_2040_HSR2,Redwood City,3164,20,158.2,37.48575969310709,-122.23136195740514
md,Ridership_2040_HSR2,San Antonio,2326,20,116.3,37.407509282199506,-122.10751724793137
md,Ridership_2040_HSR2,San Bruno,3045,20,152.25,37.630742889729746,-122.41180196248293
md,Ridership_2040_HSR2,San Carlos,3060,20,153.0,37.50812619416385,-122.26029797578131
md,Ridership_2040_HSR2,San Jose Diridon,981,20,49.05,37.32973433784033,-121.90337965869688
md,Ridership_2040_HSR2,San Mateo,3310,20,165.5,37.5681603459612,-122.32391967532075
md,Ridership_2040_HSR2,Santa Clara,1169,20,58.45,37.353207282614996,-121.93549376712492
md,Ridership_2040_HSR2,South San Francisco,3063,20,153.15,37.65434311314393,-122.40632367452082
md,Ridership_2040_HSR2,Sunnyvale,1835,20,91.75,37.37884425148521,-122.03140710781794
md,Ridership_2040_HSR2,Tamien,189,20,9.45,37.31274326682811,-121.88475697613043
md,Ridership_2040_HSR2,Transbay,1441,20,72.05,37.789051867125714,-122.39702424974188
md,Ridership_2040_high,22nd St,3361,37,90.83783783783784,37.757576360740146,-122.39241209707016
md,Ridership_2040_high,4th and King,3018,37,81.56756756756756,37.77673761681249,-122.39494716886722
md,Ridership_2040_high,Atherton,2913,28,104.03571428571429,37.46447556254199,-122.19767440578178
md,Ridership_2040_high,Bayshore,3288,37,88.86486486486487,37.707716194010786,-122.40181692100869
md,Ridership_2040_high,Belmont,2864,24,119.33333333333333,37.52120335901958,-122.27624353516848
md,Ridership_2040_high,Blossom Hill,299,32,9.34375,37.252451211010396,-121.79772696072882
md,Ridership_2040_high,Broadway,3243,28,115.82142857142857,37.58728824070041,-122.36206316363042
md,Ridership_2040_high,Burlingame,3188,28,113.85714285714286,37.579784239598354,-122.34406869702896
md,Ridership_2040_high,California Ave,2517,28,89.89285714285714,37.428924920324114,-122.14130909428673
md,Ridership_2040_high,Capitol,419,32,13.09375,37.28400149341915,-121.84184124217718
md,Ridership_2040_high,Gilroy,58,32,1.8125,37.004510163602646,-121.56675298501878
md,Ridership_2040_high,Hayward Park,2979,28,106.39285714285714,37.5529445877276,-122.30942618742424
md,Ridership_2040_high,Hillsdale,3128,28,111.71428571428571,37.54157217114981,-122.30068921820495
md,Ridership_2040_high,Lawrence,1643,24,68.45833333333333,37.37054208586365,-121.99678611573393
md,Ridership_2040_high,Menlo Park,2972,28,106.14285714285714,37.45481747441266,-122.18234505381756
md,Ridership_2040_high,Millbrae,3494,37,94.43243243243244,37.60005813774365,-122.38716357110485
md,Ridership_2040_high,Morgan Hill,126,32,3.9375,37.12973319634205,-121.650645664784
md,Ridership_2040_high,Mountain View,2661,28,95.03571428571429,37.39445754646227,-122.07593286878692
md,Ridership_2040_high,Palo Alto,3371,28,120.39285714285714,37.44319218110702,-122.16441235036379
md,Ridership_2040_high,Redwood City,3260,28,116.42857142857143,37.48575969310709,-122.23136195740514
md,Ridership_2040_high,San Antonio,2518,28,89.92857142857143,37.407509282199506,-122.10751724793137
md,Ridership_2040_high,San Bruno,3243,37,87.64864864864865,37.630742889729746,-122.41180196248293
md,Ridership_2040_high,San Carlos,2941,24,122.54166666666667,37.50812619416385,-122.26029797578131
md,Ridership_2040_high,San Jose Diridon,1611,32,50.34375,37.32973433784033,-121.90337965869688
md,Ridership_2040_high,San Mateo,3108,28,111.0,37.5681603459612,-122.32391967532075
md,Ridership_2040_high,Santa Clara,1606,24,66.91666666666667,37.353207282614996,-121.93549376712492
md,Ridership_2040_high,South San Francisco,3464,37,93.62162162162163,37.65434311314393,-122.40632367452082
md,Ridership_2040_high,Sunnyvale,2199,28,78.53571428571429,37.37884425148521,-122.03140710781794
md,Ridership_2040_high,Tamien,698,32,21.8125,37.31274326682811,-121.88475697613043
md,Ridership_2040_high,Transbay,1792,37,48.432432432432435,37.789051867125714,-122.39702424974188
md,Ridership_2040_moderate,22nd St,4062,34,119.47058823529412,37.757576360740146,-122.39241209707016
md,Ridership_2040_moderate,4th and King,3741,34,110.02941176470588,37.77673761681249,-122.39494716886722
md,Ridership_2040_moderate,Atherton,3839,28,137.10714285714286,37.46447556254199,-122.19767440578178
md,Ridership_2040_moderate,Bayshore,4156,34,122.23529411764706,37.707716194010786,-122.40181692100869
md,Ridership_2040_moderate,Belmont,4088,28,146.0,37.52120335901958,-122.27624353516848
md,Ridership_2040_moderate,Blossom Hill,241,32,7.53125,37.252451211010396,-121.79772696072882
md,Ridership_2040_moderate,Broadway,4249,28,151.75,37.58728824070041,-122.36206316363042
md,Ridership_2040_moderate,Burlingame,4261,28,152.17857142857142,37.579784239598354,-122.34406869702896
md,Ridership_2040_moderate,California Ave,3334,28,119.07142857142857,37.428924920324114,-122.14130909428673
md,Ridership_2040_moderate,Capitol,333,32,10.40625,37.28400149341915,-121.84184124217718
md,Ridership_2040_moderate,Gilroy,43,32,1.34375,37.004510163602646,-121.56675298501878
md,Ridership_2040_moderate,Hayward Park,4188,28,149.57142857142858,37.5529445877276,-122.30942618742424
md,Ridership_2040_moderate,Hillsdale,4390,28,156.78571428571428,37.54157217114981,-122.30068921820495
md,Ridership_2040_moderate,Lawrence,1979,28,70.67857142857143,37.37054208586365,-121.99678611573393
md,Ridership_2040_moderate,Menlo Park,3846,28,137.35714285714286,37.45481747441266,-122.18234505381756
md,Ridership_2040_moderate,Millbrae,4490,34,132.05882352941177,37.60005813774365,-122.38716357110485
md,Ridership_2040_moderate,Morgan Hill,97,32,3.03125,37.12973319634205,-121.650645664784
md,Ridership_2040_moderate,Mountain View,3078,28,109.92857142857143,37.39445754646227,-122.07593286878692
md,Ridership_2040_moderate,Palo Alto,4258,28,152.07142857142858,37.44319218110702,-122.16441235036379
md,Ridership_2040_moderate,Redwood City,4257,28,152.03571428571428,37.48575969310709,-122.23136195740514
md,Ridership_2040_moderate,San Antonio,3110,28,111.07142857142857,37.407509282199506,-122.10751724793137
md,Ridership_2040_moderate,San Bruno,4214,34,123.94117647058823,37.630742889729746,-122.41180196248293
md,Ridership_2040_moderate,San Carlos,4019,28,143.53571428571428,37.50812619416385,-122.26029797578131
md,Ridership_2040_moderate,San Jose Diridon,1561,32,48.78125,37.32973433784033,-121.90337965869688
md,Ridership_2040_moderate,San Mateo,4204,28,150.14285714285714,37.5681603459612,-122.32391967532075
md,Ridership_2040_moderate,Santa Clara,1762,28,62.92857142857143,37.353207282614996,-121.93549376712492
md,Ridership_2040_moderate,South San Francisco,4370,34,128.52941176470588,37.65434311314393,-122.40632367452082
md,Ridership_2040_moderate,Sunnyvale,2578,28,92.07142857142857,37.37884425148521,-122.03140710781794
md,Ridership_2040_moderate,Tamien,609,32,19.03125,37.31274326682811,-121.88475697613043
md,Ridership_2040_moderate,Transbay,2189,34,64.38235294117646,37.789051867125714,-122.39702424974188
pm,Ridership_2017_observed,Bayshore,126,6,21.0,37.707716194010786,-122.40181692100869
pm,Ridership_2017_observed,Belmont,4141,15,276.06666666666666,37.52120335901958,-122.27624353516848
pm,Ridership_2017_observed,Burlingame,2682,15,178.8,37.579784239598354,-122.34406869702896
pm,Ridership_2017_observed,California Ave,2577,18,143.16666666666666,37.428924920324114,-122.14130909428673
pm,Ridership_2017_observed,College Park,806,18,44.77777777777778,37.34287482384451,-121.91566711874347
pm,Ridership_2017_observed,Hayward Park,3368,15,224.53333333333333,37.5529445877276,-122.30942618742424
pm,Ridership_2017_observed,Hillsdale,4153,15,276.8666666666667,37.54157217114981,-122.30068921820495
pm,Ridership_2017_observed,Lawrence,1267,18,70.38888888888889,37.37054208586365,-121.99678611573393
pm,Ridership_2017_observed,Menlo Park,4456,15,297.06666666666666,37.45481747441266,-122.18234505381756
pm,Ridership_2017_observed,Millbrae,2157,15,143.8,37.60005813774365,-122.38716357110485
pm,Ridership_2017_observed,Mountain View,2480,18,137.77777777777777,37.39445754646227,-122.07593286878692
pm,Ridership_2017_observed,Palo Alto,4564,18,253.55555555555554,37.44319218110702,-122.16441235036379
pm,Ridership_2017_observed,Redwood City,4848,15,323.2,37.48575969310709,-122.23136195740514
pm,Ridership_2017_observed,San Antonio,2421,18,134.5,37.407509282199506,-122.10751724793137
pm,Ridership_2017_observed,San Bruno,565,9,62.77777777777778,37.630742889729746,-122.41180196248293
pm,Ridership_2017_observed,San Carlos,4547,15,303.1333333333333,37.50812619416385,-122.26029797578131
pm,Ridership_2017_observed,San Jose Diridon,732,18,40.666666666666664,37.32973433784033,-121.90337965869688
pm,Ridership_2017_observed,San Mateo,3363,15,224.2,37.5681603459612,-122.32391967532075
pm,Ridership_2017_observed,Santa Clara,983,18,54.611111111111114,37.353207282614996,-121.93549376712492
pm,Ridership_2017_observed,South San Francisco,219,6,36.5,37.65434311314393,-122.40632367452082
pm,Ridership_2017_observed,Sunnyvale,1472,18,81.77777777777777,37.37884425148521,-122.03140710781794
pm,Ridership_2017_observed,Tamien,27,4,6.75,37.31274326682811,-121.88475697613043
pm,Ridership_2040_HSR2,22nd St,14902,39,382.1025641025641,37.757576360740146,-122.39241209707016
pm,Ridership_2040_HSR2,4th and King,11836,39,303.4871794871795,37.77673761681249,-122.39494716886722
pm,Ridership_2040_HSR2,Atherton,18290,39,468.97435897435895,37.46447556254199,-122.19767440578178
pm,Ridership_2040_HSR2,Bayshore,16290,39,417.6923076923077,37.707716194010786,-122.40181692100869
pm,Ridership_2040_HSR2,Belmont,19341,39,495.9230769230769,37.52120335901958,-122.27624353516848
pm,Ridership_2040_HSR2,Blossom Hill,0,33,0.0,37.252451211010396,-121.79772696072882
pm,Ridership_2040_HSR2,Broadway,17794,39,456.2564102564103,37.58728824070041,-122.36206316363042
pm,Ridership_2040_HSR2,Burlingame,18067,39,463.2564102564103,37.579784239598354,-122.34406869702896
pm,Ridership_2040_HSR2,California Ave,12188,39,312.5128205128205,37.428924920324114,-122.14130909428673
pm,Ridership_2040_HSR2,Capitol,0,33,0.0,37.28400149341915,-121.84184124217718
pm,Ridership_2040_HSR2,Gilroy,0,33,0.0,37.004510163602646,-121.56675298501878
pm,Ridership_2040_HSR2,Hayward Park,19038,39,488.15384615384613,37.5529445877276,-122.30942618742424
pm,Ridership_2040_HSR2,Hillsdale,20626,39,528.8717948717949,37.54157217114981,-122.30068921820495
pm,Ridership_2040_HSR2,Lawrence,5700,39,146.15384615384616,37.37054208586365,-121.99678611573393
pm,Ridership_2040_HSR2,Menlo Park,18529,39,475.1025641025641,37.45481747441266,-122.18234505381756
pm,Ridership_2040_HSR2,Millbrae,18412,39,472.1025641025641,37.60005813774365,-122.38716357110485
pm,Ridership_2040_HSR2,Morgan Hill,0,33,0.0,37.12973319634205,-121.650645664784
pm,Ridership_2040_HSR2,Mountain View,10743,39,275.46153846153845,37.39445754646227,-122.07593286878692
pm,Ridership_2040_HSR2,Palo Alto,18307,39,469.4102564102564,37.44319218110702,-122.16441235036379
pm,Ridership_2040_HSR2,Redwood City,20226,39,518.6153846153846,37.48575969310709,-122.23136195740514
pm,Ridership_2040_HSR2,San Antonio,10982,39,281.5897435897436,37.407509282199506,-122.10751724793137
pm,Ridership_2040_HSR2,San Bruno,16293,39,417.7692307692308,37.630742889729746,-122.41180196248293
pm,Ridership_2040_HSR2,San Carlos,19398,39,497.38461538461536,37.50812619416385,-122.26029797578131
pm,Ridership_2040_HSR2,San Jose Diridon,3750,39,96.15384615384616,37.32973433784033,-121.90337965869688
pm,Ridership_2040_HSR2,San Mateo,19106,39,489.8974358974359,37.5681603459612,-122.32391967532075
pm,Ridership_2040_HSR2,Santa Clara,4231,39,108.48717948717949,37.353207282614996,-121.93549376712492
pm,Ridership_2040_HSR2,South San Francisco,16578,39,425.0769230769231,37.65434311314393,-122.40632367452082
pm,Ridership_2040_HSR2,Sunnyvale,6851,39,175.66666666666666,37.37884425148521,-122.03140710781794
pm,Ridership_2040_HSR2,Tamien,917,33,27.78787878787879,37.31274326682811,-121.88475697613043
pm,Ridership_2040_HSR2,Transbay,4921,39,126.17948717948718,37.789051867125714,-122.39702424974188
pm,Ridership_2040_high,22nd St,14528,56,259.42857142857144,37.757576360740146,-122.39241209707016
pm,Ridership_2040_high,4th and King,10837,56,193.51785714285714,37.77673761681249,-122.39494716886722
pm,Ridership_2040_high,Atherton,18120,57,317.89473684210526,37.46447556254199,-122.19767440578178
pm,Ridership_2040_high,Bayshore,14716,56,262.7857142857143,37.707716194010786,-122.40181692100869
pm,Ridership_2040_high,Belmont,17732,38,466.63157894736844,37.52120335901958,-122.27624353516848
pm,Ridership_2040_high,Blossom Hill,833,44,18.931818181818183,37.252451211010396,-121.79772696072882
pm,Ridership_2040_high,Broadway,14581,55,265.1090909090909,37.58728824070041,-122.36206316363042
pm,Ridership_2040_high,Burlingame,14488,55,263.41818181818184,37.579784239598354,-122.34406869702896
pm,Ridership_2040_high,California Ave,12164,57,213.40350877192984,37.428924920324114,-122.14130909428673
pm,Ridership_2040_high,Capitol,1121,44,25.477272727272727,37.28400149341915,-121.84184124217718
pm,Ridership_2040_high,Gilroy,156,44,3.5454545454545454,37.004510163602646,-121.56675298501878
pm,Ridership_2040_high,Hayward Park,16879,55,306.8909090909091,37.5529445877276,-122.30942618742424
pm,Ridership_2040_high,Hillsdale,19226,55,349.56363636363636,37.54157217114981,-122.30068921820495
pm,Ridership_2040_high,Lawrence,7131,42,169.78571428571428,37.37054208586365,-121.99678611573393
pm,Ridership_2040_high,Menlo Park,18273,57,320.57894736842104,37.45481747441266,-122.18234505381756
pm,Ridership_2040_high,Millbrae,15597,56,278.51785714285717,37.60005813774365,-122.38716357110485
pm,Ridership_2040_high,Morgan Hill,353,44,8.022727272727273,37.12973319634205,-121.650645664784
pm,Ridership_2040_high,Mountain View,12816,57,224.8421052631579,37.39445754646227,-122.07593286878692
pm,Ridership_2040_high,Palo Alto,19165,57,336.2280701754386,37.44319218110702,-122.16441235036379
pm,Ridership_2040_high,Redwood City,20636,57,362.03508771929825,37.48575969310709,-122.23136195740514
pm,Ridership_2040_high,San Antonio,12184,57,213.75438596491227,37.407509282199506,-122.10751724793137
pm,Ridership_2040_high,San Bruno,14117,56,252.08928571428572,37.630742889729746,-122.41180196248293
pm,Ridership_2040_high,San Carlos,18594,40,464.85,37.50812619416385,-122.26029797578131
pm,Ridership_2040_high,San Jose Diridon,6013,60,100.21666666666667,37.32973433784033,-121.90337965869688
pm,Ridership_2040_high,San Mateo,15858,55,288.3272727272727,37.5681603459612,-122.32391967532075
pm,Ridership_2040_high,Santa Clara,5958,42,141.85714285714286,37.353207282614996,-121.93549376712492
pm,Ridership_2040_high,South San Francisco,15436,56,275.64285714285717,37.65434311314393,-122.40632367452082
pm,Ridership_2040_high,Sunnyvale,8900,57,156.140350877193,37.37884425148521,-122.03140710781794
pm,Ridership_2040_high,Tamien,2481,60,41.35,37.31274326682811,-121.88475697613043
pm,Ridership_2040_high,Transbay,4865,56,86.875,37.789051867125714,-122.39702424974188
pm,Ridership_2040_moderate,22nd St,16108,46,350.17391304347825,37.757576360740146,-122.39241209707016
pm,Ridership_2040_moderate,4th and King,13126,46,285.3478260869565,37.77673761681249,-122.39494716886722
pm,Ridership_2040_moderate,Atherton,19037,23,827.695652173913,37.46447556254199,-122.19767440578178
pm,Ridership_2040_moderate,Bayshore,17576,46,382.0869565217391,37.707716194010786,-122.40181692100869
pm,Ridership_2040_moderate,Belmont,19921,38,524.2368421052631,37.52120335901958,-122.27624353516848
pm,Ridership_2040_moderate,Blossom Hill,697,44,15.840909090909092,37.252451211010396,-121.79772696072882
pm,Ridership_2040_moderate,Broadway,18278,38,481.0,37.58728824070041,-122.36206316363042
pm,Ridership_2040_moderate,Burlingame,18684,38,491.6842105263158,37.579784239598354,-122.34406869702896
pm,Ridership_2040_moderate,California Ave,13792,38,362.94736842105266,37.428924920324114,-122.14130909428673
pm,Ridership_2040_moderate,Capitol,916,44,20.818181818181817,37.28400149341915,-121.84184124217718
pm,Ridership_2040_moderate,Gilroy,131,44,2.977272727272727,37.004510163602646,-121.56675298501878
pm,Ridership_2040_moderate,Hayward Park,19081,38,502.13157894736844,37.5529445877276,-122.30942618742424
pm,Ridership_2040_moderate,Hillsdale,21046,38,553.8421052631579,37.54157217114981,-122.30068921820495
pm,Ridership_2040_moderate,Lawrence,6475,23,281.5217391304348,37.37054208586365,-121.99678611573393
pm,Ridership_2040_moderate,Menlo Park,19166,23,833.304347826087,37.45481747441266,-122.18234505381756
pm,Ridership_2040_moderate,Millbrae,19306,46,419.69565217391306,37.60005813774365,-122.38716357110485
pm,Ridership_2040_moderate,Morgan Hill,292,44,6.636363636363637,37.12973319634205,-121.650645664784
pm,Ridership_2040_moderate,Mountain View,11761,38,309.5,37.39445754646227,-122.07593286878692
pm,Ridership_2040_moderate,Palo Alto,20010,38,526.578947368421,37.44319218110702,-122.16441235036379
pm,Ridership_2040_moderate,Redwood City,21073,38,554.5526315789474,37.48575969310709,-122.23136195740514
pm,Ridership_2040_moderate,San Antonio,12357,38,325.1842105263158,37.407509282199506,-122.10751724793137
pm,Ridership_2040_moderate,San Bruno,17551,46,381.54347826086956,37.630742889729746,-122.41180196248293
pm,Ridership_2040_moderate,San Carlos,19741,38,519.5,37.50812619416385,-122.26029797578131
pm,Ridership_2040_moderate,San Jose Diridon,4458,44,101.31818181818181,37.32973433784033,-121.90337965869688
pm,Ridership_2040_moderate,San Mateo,18671,38,491.3421052631579,37.5681603459612,-122.32391967532075
pm,Ridership_2040_moderate,Santa Clara,5271,23,229.17391304347825,37.353207282614996,-121.93549376712492
pm,Ridership_2040_moderate,South San Francisco,18512,46,402.4347826086956,37.65434311314393,-122.40632367452082
pm,Ridership_2040_moderate,Sunnyvale,7958,38,209.42105263157896,37.37884425148521,-122.03140710781794
pm,Ridership_2040_moderate,Tamien,1646,44,37.40909090909091,37.31274326682811,-121.88475697613043
pm,Ridership_2040_moderate,Transbay,6065,46,131.84782608695653,37.789051867125714,-122.39702424974188
