TOD,Scenario,Station_Name,Ridership_Number,lat,lon
am,Ridership_2017_observed,22nd St,160611,37.757576360740146,-122.39241209707016
am,Ridership_2017_observed,4th and King,117800,37.77673761681249,-122.39494716886722
am,Ridership_2017_observed,Atherton,235569,37.46447556254199,-122.19767440578178
am,Ridership_2017_observed,Bayshore,164517,37.707716194010786,-122.40181692100869
am,Ridership_2017_observed,Belmont,254851,37.52120335901958,-122.27624353516848
am,Ridership_2017_observed,Blossom Hill,0,37.252451211010396,-121.79772696072882
am,Ridership_2017_observed,Broadway,214892,37.58728824070041,-122.36206316363042
am,Ridership_2017_observed,Burlingame,227819,37.579784239598354,-122.34406869702896
am,Ridership_2017_observed,California Ave,123659,37.428924920324114,-122.14130909428673
am,Ridership_2017_observed,Capitol,0,37.28400149341915,-121.84184124217718
am,Ridership_2017_observed,College Park,33697,37.34287482384451,-121.91566711874347
am,Ridership_2017_observed,Gilroy,0,37.004510163602646,-121.56675298501878
am,Ridership_2017_observed,Hayward Park,242575,37.5529445877276,-122.30942618742424
am,Ridership_2017_observed,Hillsdale,263593,37.54157217114981,-122.30068921820495
am,Ridership_2017_observed,Lawrence,47430,37.37054208586365,-121.99678611573393
am,Ridership_2017_observed,Menlo Park,241800,37.45481747441266,-122.18234505381756
am,Ridership_2017_observed,Millbrae,217651,37.60005813774365,-122.38716357110485
am,Ridership_2017_observed,Morgan Hill,0,37.12973319634205,-121.650645664784
am,Ridership_2017_observed,Mountain View,108438,37.39445754646227,-122.07593286878692
am,Ridership_2017_observed,Palo Alto,230547,37.44319218110702,-122.16441235036379
am,Ridership_2017_observed,Redwood City,265484,37.48575969310709,-122.23136195740514
am,Ridership_2017_observed,San Antonio,109988,37.407509282199506,-122.10751724793137
am,Ridership_2017_observed,San Bruno,175212,37.630742889729746,-122.41180196248293
am,Ridership_2017_observed,San Carlos,265856,37.50812619416385,-122.26029797578131
am,Ridership_2017_observed,San Jose Diridon,30349,37.32973433784033,-121.90337965869688
am,Ridership_2017_observed,San Martin,0,37.08595316953493,-121.61044251655308
am,Ridership_2017_observed,San Mateo,244590,37.5681603459612,-122.32391967532075
am,Ridership_2017_observed,Santa Clara,41664,37.353207282614996,-121.93549376712492
am,Ridership_2017_observed,South San Francisco,167338,37.65434311314393,-122.40632367452082
am,Ridership_2017_observed,Sunnyvale,55676,37.37884425148521,-122.03140710781794
am,Ridership_2017_observed,Tamien,4650,37.31274326682811,-121.88475697613043
am,Ridership_2017_observed,Transbay,0,37.789051867125714,-122.39702424974188
am,Ridership_2040_HSR2,22nd St,374108,37.757576360740146,-122.39241209707016
am,Ridership_2040_HSR2,4th and King,299987,37.77673761681249,-122.39494716886722
am,Ridership_2040_HSR2,Atherton,457901,37.46447556254199,-122.19767440578178
am,Ridership_2040_HSR2,Bayshore,408270,37.707716194010786,-122.40181692100869
am,Ridership_2040_HSR2,Belmont,486669,37.52120335901958,-122.27624353516848
am,Ridership_2040_HSR2,Blossom Hill,0,37.252451211010396,-121.79772696072882
am,Ridership_2040_HSR2,Broadway,445408,37.58728824070041,-122.36206316363042
am,Ridership_2040_HSR2,Burlingame,450027,37.579784239598354,-122.34406869702896
am,Ridership_2040_HSR2,California Ave,285138,37.428924920324114,-122.14130909428673
am,Ridership_2040_HSR2,Capitol,0,37.28400149341915,-121.84184124217718
am,Ridership_2040_HSR2,College Park,84444,37.34287482384451,-121.91566711874347
am,Ridership_2040_HSR2,Gilroy,0,37.004510163602646,-121.56675298501878
am,Ridership_2040_HSR2,Hayward Park,472750,37.5529445877276,-122.30942618742424
am,Ridership_2040_HSR2,Hillsdale,520583,37.54157217114981,-122.30068921820495
am,Ridership_2040_HSR2,Lawrence,133765,37.37054208586365,-121.99678611573393
am,Ridership_2040_HSR2,Menlo Park,461063,37.45481747441266,-122.18234505381756
am,Ridership_2040_HSR2,Millbrae,466333,37.60005813774365,-122.38716357110485
am,Ridership_2040_HSR2,Morgan Hill,0,37.12973319634205,-121.650645664784
am,Ridership_2040_HSR2,Mountain View,250294,37.39445754646227,-122.07593286878692
am,Ridership_2040_HSR2,Palo Alto,449159,37.44319218110702,-122.16441235036379
am,Ridership_2040_HSR2,Redwood City,512771,37.48575969310709,-122.23136195740514
am,Ridership_2040_HSR2,San Antonio,252743,37.407509282199506,-122.10751724793137
am,Ridership_2040_HSR2,San Bruno,405294,37.630742889729746,-122.41180196248293
am,Ridership_2040_HSR2,San Carlos,486824,37.50812619416385,-122.26029797578131
am,Ridership_2040_HSR2,San Jose Diridon,86304,37.32973433784033,-121.90337965869688
am,Ridership_2040_HSR2,San Martin,0,37.08595316953493,-121.61044251655308
am,Ridership_2040_HSR2,San Mateo,481585,37.5681603459612,-122.32391967532075
am,Ridership_2040_HSR2,Santa Clara,101339,37.353207282614996,-121.93549376712492
am,Ridership_2040_HSR2,South San Francisco,415090,37.65434311314393,-122.40632367452082
am,Ridership_2040_HSR2,Sunnyvale,158534,37.37884425148521,-122.03140710781794
am,Ridership_2040_HSR2,Tamien,18321,37.31274326682811,-121.88475697613043
am,Ridership_2040_HSR2,Transbay,129797,37.789051867125714,-122.39702424974188
am,Ridership_2040_high,22nd St,460381,37.757576360740146,-122.39241209707016
am,Ridership_2040_high,4th and King,363010,37.77673761681249,-122.39494716886722
am,Ridership_2040_high,Atherton,622325,37.46447556254199,-122.19767440578178
am,Ridership_2040_high,Bayshore,491753,37.707716194010786,-122.40181692100869
am,Ridership_2040_high,Belmont,630478,37.52120335901958,-122.27624353516848
am,Ridership_2040_high,Blossom Hill,24366,37.252451211010396,-121.79772696072882
am,Ridership_2040_high,Broadway,523900,37.58728824070041,-122.36206316363042
am,Ridership_2040_high,Burlingame,531619,37.579784239598354,-122.34406869702896
am,Ridership_2040_high,California Ave,403713,37.428924920324114,-122.14130909428673
am,Ridership_2040_high,Capitol,32271,37.28400149341915,-121.84184124217718
am,Ridership_2040_high,College Park,152675,37.34287482384451,-121.91566711874347
am,Ridership_2040_high,Gilroy,6293,37.004510163602646,-121.56675298501878
am,Ridership_2040_high,Hayward Park,597246,37.5529445877276,-122.30942618742424
am,Ridership_2040_high,Hillsdale,664206,37.54157217114981,-122.30068921820495
am,Ridership_2040_high,Lawrence,216876,37.37054208586365,-121.99678611573393
am,Ridership_2040_high,Menlo Park,622263,37.45481747441266,-122.18234505381756
am,Ridership_2040_high,Millbrae,546654,37.60005813774365,-122.38716357110485
am,Ridership_2040_high,Morgan Hill,13113,37.12973319634205,-121.650645664784
am,Ridership_2040_high,Mountain View,365862,37.39445754646227,-122.07593286878692
am,Ridership_2040_high,Palo Alto,606670,37.44319218110702,-122.16441235036379
am,Ridership_2040_high,Redwood City,687177,37.48575969310709,-122.23136195740514
am,Ridership_2040_high,San Antonio,370140,37.407509282199506,-122.10751724793137
am,Ridership_2040_high,San Bruno,496806,37.630742889729746,-122.41180196248293
am,Ridership_2040_high,San Carlos,652271,37.50812619416385,-122.26029797578131
am,Ridership_2040_high,San Jose Diridon,155496,37.32973433784033,-121.90337965869688
am,Ridership_2040_high,San Martin,6293,37.08595316953493,-121.61044251655308
am,Ridership_2040_high,San Mateo,581281,37.5681603459612,-122.32391967532075
am,Ridership_2040_high,Santa Clara,176576,37.353207282614996,-121.93549376712492
am,Ridership_2040_high,South San Francisco,515685,37.65434311314393,-122.40632367452082
am,Ridership_2040_high,Sunnyvale,261082,37.37884425148521,-122.03140710781794
am,Ridership_2040_high,Tamien,60698,37.31274326682811,-121.88475697613043
am,Ridership_2040_high,Transbay,152427,37.789051867125714,-122.39702424974188
am,Ridership_2040_moderate,22nd St,438278,37.757576360740146,-122.39241209707016
am,Ridership_2040_moderate,4th and King,362824,37.77673761681249,-122.39494716886722
am,Ridership_2040_moderate,Atherton,553970,37.46447556254199,-122.19767440578178
am,Ridership_2040_moderate,Bayshore,469867,37.707716194010786,-122.40181692100869
am,Ridership_2040_moderate,Belmont,565688,37.52120335901958,-122.27624353516848
am,Ridership_2040_moderate,Blossom Hill,18693,37.252451211010396,-121.79772696072882
am,Ridership_2040_moderate,Broadway,496620,37.58728824070041,-122.36206316363042
am,Ridership_2040_moderate,Burlingame,510663,37.579784239598354,-122.34406869702896
am,Ridership_2040_moderate,California Ave,359507,37.428924920324114,-122.14130909428673
am,Ridership_2040_moderate,Capitol,23932,37.28400149341915,-121.84184124217718
am,Ridership_2040_moderate,College Park,119009,37.34287482384451,-121.91566711874347
am,Ridership_2040_moderate,Gilroy,5146,37.004510163602646,-121.56675298501878
am,Ridership_2040_moderate,Hayward Park,535711,37.5529445877276,-122.30942618742424
am,Ridership_2040_moderate,Hillsdale,595200,37.54157217114981,-122.30068921820495
am,Ridership_2040_moderate,Lawrence,171988,37.37054208586365,-121.99678611573393
am,Ridership_2040_moderate,Menlo Park,556698,37.45481747441266,-122.18234505381756
am,Ridership_2040_moderate,Millbrae,519870,37.60005813774365,-122.38716357110485
am,Ridership_2040_moderate,Morgan Hill,10385,37.12973319634205,-121.650645664784
am,Ridership_2040_moderate,Mountain View,306342,37.39445754646227,-122.07593286878692
am,Ridership_2040_moderate,Palo Alto,537447,37.44319218110702,-122.16441235036379
am,Ridership_2040_moderate,Redwood City,611289,37.48575969310709,-122.23136195740514
am,Ridership_2040_moderate,San Antonio,315518,37.407509282199506,-122.10751724793137
am,Ridership_2040_moderate,San Bruno,474083,37.630742889729746,-122.41180196248293
am,Ridership_2040_moderate,San Carlos,572291,37.50812619416385,-122.26029797578131
am,Ridership_2040_moderate,San Jose Diridon,120931,37.32973433784033,-121.90337965869688
am,Ridership_2040_moderate,San Martin,5146,37.08595316953493,-121.61044251655308
am,Ridership_2040_moderate,San Mateo,527837,37.5681603459612,-122.32391967532075
am,Ridership_2040_moderate,Santa Clara,143716,37.353207282614996,-121.93549376712492
am,Ridership_2040_moderate,South San Francisco,493582,37.65434311314393,-122.40632367452082
am,Ridership_2040_moderate,Sunnyvale,206522,37.37884425148521,-122.03140710781794
am,Ridership_2040_moderate,Tamien,42873,37.31274326682811,-121.88475697613043
am,Ridership_2040_moderate,Transbay,172670,37.789051867125714,-122.39702424974188
ea,Ridership_2017_observed,22nd St,806,37.757576360740146,-122.39241209707016
ea,Ridership_2017_observed,4th and King,589,37.77673761681249,-122.39494716886722
ea,Ridership_2017_observed,Atherton,2325,37.46447556254199,-122.19767440578178
ea,Ridership_2017_observed,Bayshore,992,37.707716194010786,-122.40181692100869
ea,Ridership_2017_observed,Belmont,2945,37.52120335901958,-122.27624353516848
ea,Ridership_2017_observed,Blossom Hill,0,37.252451211010396,-121.79772696072882
ea,Ridership_2017_observed,Broadway,1333,37.58728824070041,-122.36206316363042
ea,Ridership_2017_observed,Burlingame,2046,37.579784239598354,-122.34406869702896
ea,Ridership_2017_observed,California Ave,1798,37.428924920324114,-122.14130909428673
ea,Ridership_2017_observed,Capitol,0,37.28400149341915,-121.84184124217718
ea,Ridership_2017_observed,College Park,744,37.34287482384451,-121.91566711874347
ea,Ridership_2017_observed,Gilroy,0,37.004510163602646,-121.56675298501878
ea,Ridership_2017_observed,Hayward Park,2759,37.5529445877276,-122.30942618742424
ea,Ridership_2017_observed,Hillsdale,2883,37.54157217114981,-122.30068921820495
ea,Ridership_2017_observed,Lawrence,1054,37.37054208586365,-121.99678611573393
ea,Ridership_2017_observed,Menlo Park,2697,37.45481747441266,-122.18234505381756
ea,Ridership_2017_observed,Millbrae,1333,37.60005813774365,-122.38716357110485
ea,Ridership_2017_observed,Morgan Hill,0,37.12973319634205,-121.650645664784
ea,Ridership_2017_observed,Mountain View,1674,37.39445754646227,-122.07593286878692
ea,Ridership_2017_observed,Palo Alto,2542,37.44319218110702,-122.16441235036379
ea,Ridership_2017_observed,Redwood City,2790,37.48575969310709,-122.23136195740514
ea,Ridership_2017_observed,San Antonio,1767,37.407509282199506,-122.10751724793137
ea,Ridership_2017_observed,San Bruno,1209,37.630742889729746,-122.41180196248293
ea,Ridership_2017_observed,San Carlos,2945,37.50812619416385,-122.26029797578131
ea,Ridership_2017_observed,San Jose Diridon,744,37.32973433784033,-121.90337965869688
ea,Ridership_2017_observed,San Martin,0,37.08595316953493,-121.61044251655308
ea,Ridership_2017_observed,San Mateo,2635,37.5681603459612,-122.32391967532075
ea,Ridership_2017_observed,Santa Clara,992,37.353207282614996,-121.93549376712492
ea,Ridership_2017_observed,South San Francisco,1147,37.65434311314393,-122.40632367452082
ea,Ridership_2017_observed,Sunnyvale,1271,37.37884425148521,-122.03140710781794
ea,Ridership_2017_observed,Tamien,0,37.31274326682811,-121.88475697613043
ea,Ridership_2017_observed,Transbay,0,37.789051867125714,-122.39702424974188
ea,Ridership_2040_HSR2,22nd St,2666,37.757576360740146,-122.39241209707016
ea,Ridership_2040_HSR2,4th and King,2108,37.77673761681249,-122.39494716886722
ea,Ridership_2040_HSR2,Atherton,4836,37.46447556254199,-122.19767440578178
ea,Ridership_2040_HSR2,Bayshore,2790,37.707716194010786,-122.40181692100869
ea,Ridership_2040_HSR2,Belmont,5053,37.52120335901958,-122.27624353516848
ea,Ridership_2040_HSR2,Blossom Hill,0,37.252451211010396,-121.79772696072882
ea,Ridership_2040_HSR2,Broadway,3875,37.58728824070041,-122.36206316363042
ea,Ridership_2040_HSR2,Burlingame,4092,37.579784239598354,-122.34406869702896
ea,Ridership_2040_HSR2,California Ave,3751,37.428924920324114,-122.14130909428673
ea,Ridership_2040_HSR2,Capitol,0,37.28400149341915,-121.84184124217718
ea,Ridership_2040_HSR2,College Park,2108,37.34287482384451,-121.91566711874347
ea,Ridership_2040_HSR2,Gilroy,0,37.004510163602646,-121.56675298501878
ea,Ridership_2040_HSR2,Hayward Park,4712,37.5529445877276,-122.30942618742424
ea,Ridership_2040_HSR2,Hillsdale,5177,37.54157217114981,-122.30068921820495
ea,Ridership_2040_HSR2,Lawrence,2573,37.37054208586365,-121.99678611573393
ea,Ridership_2040_HSR2,Menlo Park,5022,37.45481747441266,-122.18234505381756
ea,Ridership_2040_HSR2,Millbrae,3813,37.60005813774365,-122.38716357110485
ea,Ridership_2040_HSR2,Morgan Hill,0,37.12973319634205,-121.650645664784
ea,Ridership_2040_HSR2,Mountain View,3689,37.39445754646227,-122.07593286878692
ea,Ridership_2040_HSR2,Palo Alto,5363,37.44319218110702,-122.16441235036379
ea,Ridership_2040_HSR2,Redwood City,5363,37.48575969310709,-122.23136195740514
ea,Ridership_2040_HSR2,San Antonio,3410,37.407509282199506,-122.10751724793137
ea,Ridership_2040_HSR2,San Bruno,3162,37.630742889729746,-122.41180196248293
ea,Ridership_2040_HSR2,San Carlos,4991,37.50812619416385,-122.26029797578131
ea,Ridership_2040_HSR2,San Jose Diridon,2108,37.32973433784033,-121.90337965869688
ea,Ridership_2040_HSR2,San Martin,0,37.08595316953493,-121.61044251655308
ea,Ridership_2040_HSR2,San Mateo,4402,37.5681603459612,-122.32391967532075
ea,Ridership_2040_HSR2,Santa Clara,2232,37.353207282614996,-121.93549376712492
ea,Ridership_2040_HSR2,South San Francisco,2852,37.65434311314393,-122.40632367452082
ea,Ridership_2040_HSR2,Sunnyvale,3069,37.37884425148521,-122.03140710781794
ea,Ridership_2040_HSR2,Tamien,155,37.31274326682811,-121.88475697613043
ea,Ridership_2040_HSR2,Transbay,1240,37.789051867125714,-122.39702424974188
ea,Ridership_2040_high,22nd St,4123,37.757576360740146,-122.39241209707016
ea,Ridership_2040_high,4th and King,3596,37.77673761681249,-122.39494716886722
ea,Ridership_2040_high,Atherton,7502,37.46447556254199,-122.19767440578178
ea,Ridership_2040_high,Bayshore,4464,37.707716194010786,-122.40181692100869
ea,Ridership_2040_high,Belmont,7657,37.52120335901958,-122.27624353516848
ea,Ridership_2040_high,Blossom Hill,62,37.252451211010396,-121.79772696072882
ea,Ridership_2040_high,Broadway,5921,37.58728824070041,-122.36206316363042
ea,Ridership_2040_high,Burlingame,6324,37.579784239598354,-122.34406869702896
ea,Ridership_2040_high,California Ave,6200,37.428924920324114,-122.14130909428673
ea,Ridership_2040_high,Capitol,62,37.28400149341915,-121.84184124217718
ea,Ridership_2040_high,College Park,3255,37.34287482384451,-121.91566711874347
ea,Ridership_2040_high,Gilroy,0,37.004510163602646,-121.56675298501878
ea,Ridership_2040_high,Hayward Park,7223,37.5529445877276,-122.30942618742424
ea,Ridership_2040_high,Hillsdale,7781,37.54157217114981,-122.30068921820495
ea,Ridership_2040_high,Lawrence,4464,37.37054208586365,-121.99678611573393
ea,Ridership_2040_high,Menlo Park,7781,37.45481747441266,-122.18234505381756
ea,Ridership_2040_high,Millbrae,5890,37.60005813774365,-122.38716357110485
ea,Ridership_2040_high,Morgan Hill,0,37.12973319634205,-121.650645664784
ea,Ridership_2040_high,Mountain View,5921,37.39445754646227,-122.07593286878692
ea,Ridership_2040_high,Palo Alto,8091,37.44319218110702,-122.16441235036379
ea,Ridership_2040_high,Redwood City,8153,37.48575969310709,-122.23136195740514
ea,Ridership_2040_high,San Antonio,5735,37.407509282199506,-122.10751724793137
ea,Ridership_2040_high,San Bruno,5177,37.630742889729746,-122.41180196248293
ea,Ridership_2040_high,San Carlos,7719,37.50812619416385,-122.26029797578131
ea,Ridership_2040_high,San Jose Diridon,3255,37.32973433784033,-121.90337965869688
ea,Ridership_2040_high,San Martin,0,37.08595316953493,-121.61044251655308
ea,Ridership_2040_high,San Mateo,6882,37.5681603459612,-122.32391967532075
ea,Ridership_2040_high,Santa Clara,3937,37.353207282614996,-121.93549376712492
ea,Ridership_2040_high,South San Francisco,4805,37.65434311314393,-122.40632367452082
ea,Ridership_2040_high,Sunnyvale,5084,37.37884425148521,-122.03140710781794
ea,Ridership_2040_high,Tamien,930,37.31274326682811,-121.88475697613043
ea,Ridership_2040_high,Transbay,2139,37.789051867125714,-122.39702424974188
ea,Ridership_2040_moderate,22nd St,3906,37.757576360740146,-122.39241209707016
ea,Ridership_2040_moderate,4th and King,3503,37.77673761681249,-122.39494716886722
ea,Ridership_2040_moderate,Atherton,7316,37.46447556254199,-122.19767440578178
ea,Ridership_2040_moderate,Bayshore,4340,37.707716194010786,-122.40181692100869
ea,Ridership_2040_moderate,Belmont,7347,37.52120335901958,-122.27624353516848
ea,Ridership_2040_moderate,Blossom Hill,62,37.252451211010396,-121.79772696072882
ea,Ridership_2040_moderate,Broadway,5487,37.58728824070041,-122.36206316363042
ea,Ridership_2040_moderate,Burlingame,5859,37.579784239598354,-122.34406869702896
ea,Ridership_2040_moderate,California Ave,6014,37.428924920324114,-122.14130909428673
ea,Ridership_2040_moderate,Capitol,62,37.28400149341915,-121.84184124217718
ea,Ridership_2040_moderate,College Park,2542,37.34287482384451,-121.91566711874347
ea,Ridership_2040_moderate,Gilroy,0,37.004510163602646,-121.56675298501878
ea,Ridership_2040_moderate,Hayward Park,6851,37.5529445877276,-122.30942618742424
ea,Ridership_2040_moderate,Hillsdale,7502,37.54157217114981,-122.30068921820495
ea,Ridership_2040_moderate,Lawrence,3813,37.37054208586365,-121.99678611573393
ea,Ridership_2040_moderate,Menlo Park,7626,37.45481747441266,-122.18234505381756
ea,Ridership_2040_moderate,Millbrae,5487,37.60005813774365,-122.38716357110485
ea,Ridership_2040_moderate,Morgan Hill,0,37.12973319634205,-121.650645664784
ea,Ridership_2040_moderate,Mountain View,5239,37.39445754646227,-122.07593286878692
ea,Ridership_2040_moderate,Palo Alto,7967,37.44319218110702,-122.16441235036379
ea,Ridership_2040_moderate,Redwood City,7967,37.48575969310709,-122.23136195740514
ea,Ridership_2040_moderate,San Antonio,5456,37.407509282199506,-122.10751724793137
ea,Ridership_2040_moderate,San Bruno,4898,37.630742889729746,-122.41180196248293
ea,Ridership_2040_moderate,San Carlos,7471,37.50812619416385,-122.26029797578131
ea,Ridership_2040_moderate,San Jose Diridon,2542,37.32973433784033,-121.90337965869688
ea,Ridership_2040_moderate,San Martin,0,37.08595316953493,-121.61044251655308
ea,Ridership_2040_moderate,San Mateo,6324,37.5681603459612,-122.32391967532075
ea,Ridership_2040_moderate,Santa Clara,3224,37.353207282614996,-121.93549376712492
ea,Ridership_2040_moderate,South San Francisco,4588,37.65434311314393,-122.40632367452082
ea,Ridership_2040_moderate,Sunnyvale,4464,37.37884425148521,-122.03140710781794
ea,Ridership_2040_moderate,Tamien,279,37.31274326682811,-121.88475697613043
ea,Ridership_2040_moderate,Transbay,2139,37.789051867125714,-122.39702424974188
ev,Ridership_2017_observed,22nd St,47275,37.757576360740146,-122.39241209707016
ev,Ridership_2017_observed,4th and King,45787,37.77673761681249,-122.39494716886722
ev,Ridership_2017_observed,Atherton,39556,37.46447556254199,-122.19767440578178
ev,Ridership_2017_observed,Bayshore,47554,37.707716194010786,-122.40181692100869
ev,Ridership_2017_observed,Belmont,46283,37.52120335901958,-122.27624353516848
ev,Ridership_2017_observed,Blossom Hill,0,37.252451211010396,-121.79772696072882
ev,Ridership_2017_observed,Broadway,53010,37.58728824070041,-122.36206316363042
ev,Ridership_2017_observed,Burlingame,53134,37.579784239598354,-122.34406869702896
ev,Ridership_2017_observed,California Ave,35216,37.428924920324114,-122.14130909428673
ev,Ridership_2017_observed,Capitol,0,37.28400149341915,-121.84184124217718
ev,Ridership_2017_observed,College Park,10726,37.34287482384451,-121.91566711874347
ev,Ridership_2017_observed,Gilroy,0,37.004510163602646,-121.56675298501878
ev,Ridership_2017_observed,Hayward Park,50809,37.5529445877276,-122.30942618742424
ev,Ridership_2017_observed,Hillsdale,51553,37.54157217114981,-122.30068921820495
ev,Ridership_2017_observed,Lawrence,14973,37.37054208586365,-121.99678611573393
ev,Ridership_2017_observed,Menlo Park,40393,37.45481747441266,-122.18234505381756
ev,Ridership_2017_observed,Millbrae,53692,37.60005813774365,-122.38716357110485
ev,Ridership_2017_observed,Morgan Hill,0,37.12973319634205,-121.650645664784
ev,Ridership_2017_observed,Mountain View,31031,37.39445754646227,-122.07593286878692
ev,Ridership_2017_observed,Palo Alto,41199,37.44319218110702,-122.16441235036379
ev,Ridership_2017_observed,Redwood City,46376,37.48575969310709,-122.23136195740514
ev,Ridership_2017_observed,San Antonio,33077,37.407509282199506,-122.10751724793137
ev,Ridership_2017_observed,San Bruno,48391,37.630742889729746,-122.41180196248293
ev,Ridership_2017_observed,San Carlos,45384,37.50812619416385,-122.26029797578131
ev,Ridership_2017_observed,San Jose Diridon,10726,37.32973433784033,-121.90337965869688
ev,Ridership_2017_observed,San Martin,0,37.08595316953493,-121.61044251655308
ev,Ridership_2017_observed,San Mateo,52979,37.5681603459612,-122.32391967532075
ev,Ridership_2017_observed,Santa Clara,13175,37.353207282614996,-121.93549376712492
ev,Ridership_2017_observed,South San Francisco,48422,37.65434311314393,-122.40632367452082
ev,Ridership_2017_observed,Sunnyvale,24521,37.37884425148521,-122.03140710781794
ev,Ridership_2017_observed,Tamien,1984,37.31274326682811,-121.88475697613043
ev,Ridership_2017_observed,Transbay,0,37.789051867125714,-122.39702424974188
ev,Ridership_2040_HSR2,22nd St,137516,37.757576360740146,-122.39241209707016
ev,Ridership_2040_HSR2,4th and King,126077,37.77673761681249,-122.39494716886722
ev,Ridership_2040_HSR2,Atherton,93465,37.46447556254199,-122.19767440578178
ev,Ridership_2040_HSR2,Bayshore,135191,37.707716194010786,-122.40181692100869
ev,Ridership_2040_HSR2,Belmont,104098,37.52120335901958,-122.27624353516848
ev,Ridership_2040_HSR2,Blossom Hill,0,37.252451211010396,-121.79772696072882
ev,Ridership_2040_HSR2,Broadway,126604,37.58728824070041,-122.36206316363042
ev,Ridership_2040_HSR2,Burlingame,124775,37.579784239598354,-122.34406869702896
ev,Ridership_2040_HSR2,California Ave,81158,37.428924920324114,-122.14130909428673
ev,Ridership_2040_HSR2,Capitol,0,37.28400149341915,-121.84184124217718
ev,Ridership_2040_HSR2,College Park,30504,37.34287482384451,-121.91566711874347
ev,Ridership_2040_HSR2,Gilroy,0,37.004510163602646,-121.56675298501878
ev,Ridership_2040_HSR2,Hayward Park,117800,37.5529445877276,-122.30942618742424
ev,Ridership_2040_HSR2,Hillsdale,118048,37.54157217114981,-122.30068921820495
ev,Ridership_2040_HSR2,Lawrence,42749,37.37054208586365,-121.99678611573393
ev,Ridership_2040_HSR2,Menlo Park,93031,37.45481747441266,-122.18234505381756
ev,Ridership_2040_HSR2,Millbrae,133703,37.60005813774365,-122.38716357110485
ev,Ridership_2040_HSR2,Morgan Hill,0,37.12973319634205,-121.650645664784
ev,Ridership_2040_HSR2,Mountain View,75175,37.39445754646227,-122.07593286878692
ev,Ridership_2040_HSR2,Palo Alto,101401,37.44319218110702,-122.16441235036379
ev,Ridership_2040_HSR2,Redwood City,105214,37.48575969310709,-122.23136195740514
ev,Ridership_2040_HSR2,San Antonio,76942,37.407509282199506,-122.10751724793137
ev,Ridership_2040_HSR2,San Bruno,127162,37.630742889729746,-122.41180196248293
ev,Ridership_2040_HSR2,San Carlos,102455,37.50812619416385,-122.26029797578131
ev,Ridership_2040_HSR2,San Jose Diridon,31031,37.32973433784033,-121.90337965869688
ev,Ridership_2040_HSR2,San Martin,0,37.08595316953493,-121.61044251655308
ev,Ridership_2040_HSR2,San Mateo,124527,37.5681603459612,-122.32391967532075
ev,Ridership_2040_HSR2,Santa Clara,33294,37.353207282614996,-121.93549376712492
ev,Ridership_2040_HSR2,South San Francisco,130913,37.65434311314393,-122.40632367452082
ev,Ridership_2040_HSR2,Sunnyvale,57877,37.37884425148521,-122.03140710781794
ev,Ridership_2040_HSR2,Tamien,7006,37.31274326682811,-121.88475697613043
ev,Ridership_2040_HSR2,Transbay,65410,37.789051867125714,-122.39702424974188
ev,Ridership_2040_high,22nd St,234732,37.757576360740146,-122.39241209707016
ev,Ridership_2040_high,4th and King,222146,37.77673761681249,-122.39494716886722
ev,Ridership_2040_high,Atherton,174313,37.46447556254199,-122.19767440578178
ev,Ridership_2040_high,Bayshore,219573,37.707716194010786,-122.40181692100869
ev,Ridership_2040_high,Belmont,185442,37.52120335901958,-122.27624353516848
ev,Ridership_2040_high,Blossom Hill,16771,37.252451211010396,-121.79772696072882
ev,Ridership_2040_high,Broadway,202213,37.58728824070041,-122.36206316363042
ev,Ridership_2040_high,Burlingame,201252,37.579784239598354,-122.34406869702896
ev,Ridership_2040_high,California Ave,137516,37.428924920324114,-122.14130909428673
ev,Ridership_2040_high,Capitol,24366,37.28400149341915,-121.84184124217718
ev,Ridership_2040_high,College Park,68913,37.34287482384451,-121.91566711874347
ev,Ridership_2040_high,Gilroy,3813,37.004510163602646,-121.56675298501878
ev,Ridership_2040_high,Hayward Park,198338,37.5529445877276,-122.30942618742424
ev,Ridership_2040_high,Hillsdale,203174,37.54157217114981,-122.30068921820495
ev,Ridership_2040_high,Lawrence,79763,37.37054208586365,-121.99678611573393
ev,Ridership_2040_high,Menlo Park,174995,37.45481747441266,-122.18234505381756
ev,Ridership_2040_high,Millbrae,213931,37.60005813774365,-122.38716357110485
ev,Ridership_2040_high,Morgan Hill,8091,37.12973319634205,-121.650645664784
ev,Ridership_2040_high,Mountain View,131657,37.39445754646227,-122.07593286878692
ev,Ridership_2040_high,Palo Alto,184946,37.44319218110702,-122.16441235036379
ev,Ridership_2040_high,Redwood City,192851,37.48575969310709,-122.23136195740514
ev,Ridership_2040_high,San Antonio,131967,37.407509282199506,-122.10751724793137
ev,Ridership_2040_high,San Bruno,206429,37.630742889729746,-122.41180196248293
ev,Ridership_2040_high,San Carlos,186031,37.50812619416385,-122.26029797578131
ev,Ridership_2040_high,San Jose Diridon,70897,37.32973433784033,-121.90337965869688
ev,Ridership_2040_high,San Martin,3813,37.08595316953493,-121.61044251655308
ev,Ridership_2040_high,San Mateo,201469,37.5681603459612,-122.32391967532075
ev,Ridership_2040_high,Santa Clara,73129,37.353207282614996,-121.93549376712492
ev,Ridership_2040_high,South San Francisco,221340,37.65434311314393,-122.40632367452082
ev,Ridership_2040_high,Sunnyvale,107911,37.37884425148521,-122.03140710781794
ev,Ridership_2040_high,Tamien,36022,37.31274326682811,-121.88475697613043
ev,Ridership_2040_high,Transbay,132370,37.789051867125714,-122.39702424974188
ev,Ridership_2040_moderate,22nd St,230516,37.757576360740146,-122.39241209707016
ev,Ridership_2040_moderate,4th and King,221619,37.77673761681249,-122.39494716886722
ev,Ridership_2040_moderate,Atherton,167462,37.46447556254199,-122.19767440578178
ev,Ridership_2040_moderate,Bayshore,217310,37.707716194010786,-122.40181692100869
ev,Ridership_2040_moderate,Belmont,179335,37.52120335901958,-122.27624353516848
ev,Ridership_2040_moderate,Blossom Hill,12896,37.252451211010396,-121.79772696072882
ev,Ridership_2040_moderate,Broadway,197377,37.58728824070041,-122.36206316363042
ev,Ridership_2040_moderate,Burlingame,196447,37.579784239598354,-122.34406869702896
ev,Ridership_2040_moderate,California Ave,130541,37.428924920324114,-122.14130909428673
ev,Ridership_2040_moderate,Capitol,18507,37.28400149341915,-121.84184124217718
ev,Ridership_2040_moderate,College Park,61411,37.34287482384451,-121.91566711874347
ev,Ridership_2040_moderate,Gilroy,2697,37.004510163602646,-121.56675298501878
ev,Ridership_2040_moderate,Hayward Park,193843,37.5529445877276,-122.30942618742424
ev,Ridership_2040_moderate,Hillsdale,198834,37.54157217114981,-122.30068921820495
ev,Ridership_2040_moderate,Lawrence,72416,37.37054208586365,-121.99678611573393
ev,Ridership_2040_moderate,Menlo Park,166563,37.45481747441266,-122.18234505381756
ev,Ridership_2040_moderate,Millbrae,209250,37.60005813774365,-122.38716357110485
ev,Ridership_2040_moderate,Morgan Hill,5921,37.12973319634205,-121.650645664784
ev,Ridership_2040_moderate,Mountain View,124341,37.39445754646227,-122.07593286878692
ev,Ridership_2040_moderate,Palo Alto,177971,37.44319218110702,-122.16441235036379
ev,Ridership_2040_moderate,Redwood City,186434,37.48575969310709,-122.23136195740514
ev,Ridership_2040_moderate,San Antonio,124868,37.407509282199506,-122.10751724793137
ev,Ridership_2040_moderate,San Bruno,203391,37.630742889729746,-122.41180196248293
ev,Ridership_2040_moderate,San Carlos,179180,37.50812619416385,-122.26029797578131
ev,Ridership_2040_moderate,San Jose Diridon,63023,37.32973433784033,-121.90337965869688
ev,Ridership_2040_moderate,San Martin,2697,37.08595316953493,-121.61044251655308
ev,Ridership_2040_moderate,San Mateo,195672,37.5681603459612,-122.32391967532075
ev,Ridership_2040_moderate,Santa Clara,65596,37.353207282614996,-121.93549376712492
ev,Ridership_2040_moderate,South San Francisco,218674,37.65434311314393,-122.40632367452082
ev,Ridership_2040_moderate,Sunnyvale,100502,37.37884425148521,-122.03140710781794
ev,Ridership_2040_moderate,Tamien,29078,37.31274326682811,-121.88475697613043
ev,Ridership_2040_moderate,Transbay,133393,37.789051867125714,-122.39702424974188
md,Ridership_2017_observed,22nd St,24614,37.757576360740146,-122.39241209707016
md,Ridership_2017_observed,4th and King,22134,37.77673761681249,-122.39494716886722
md,Ridership_2017_observed,Atherton,31930,37.46447556254199,-122.19767440578178
md,Ridership_2017_observed,Bayshore,25420,37.707716194010786,-122.40181692100869
md,Ridership_2017_observed,Belmont,35836,37.52120335901958,-122.27624353516848
md,Ridership_2017_observed,Blossom Hill,0,37.252451211010396,-121.79772696072882
md,Ridership_2017_observed,Broadway,33573,37.58728824070041,-122.36206316363042
md,Ridership_2017_observed,Burlingame,35402,37.579784239598354,-122.34406869702896
md,Ridership_2017_observed,California Ave,23188,37.428924920324114,-122.14130909428673
md,Ridership_2017_observed,Capitol,0,37.28400149341915,-121.84184124217718
md,Ridership_2017_observed,College Park,7440,37.34287482384451,-121.91566711874347
md,Ridership_2017_observed,Gilroy,0,37.004510163602646,-121.56675298501878
md,Ridership_2017_observed,Hayward Park,35402,37.5529445877276,-122.30942618742424
md,Ridership_2017_observed,Hillsdale,36797,37.54157217114981,-122.30068921820495
md,Ridership_2017_observed,Lawrence,10912,37.37054208586365,-121.99678611573393
md,Ridership_2017_observed,Menlo Park,32798,37.45481747441266,-122.18234505381756
md,Ridership_2017_observed,Millbrae,34565,37.60005813774365,-122.38716357110485
md,Ridership_2017_observed,Morgan Hill,0,37.12973319634205,-121.650645664784
md,Ridership_2017_observed,Mountain View,19561,37.39445754646227,-122.07593286878692
md,Ridership_2017_observed,Palo Alto,32240,37.44319218110702,-122.16441235036379
md,Ridership_2017_observed,Redwood City,36952,37.48575969310709,-122.23136195740514
md,Ridership_2017_observed,San Antonio,20677,37.407509282199506,-122.10751724793137
md,Ridership_2017_observed,San Bruno,27342,37.630742889729746,-122.41180196248293
md,Ridership_2017_observed,San Carlos,35867,37.50812619416385,-122.26029797578131
md,Ridership_2017_observed,San Jose Diridon,7440,37.32973433784033,-121.90337965869688
md,Ridership_2017_observed,San Martin,0,37.08595316953493,-121.61044251655308
md,Ridership_2017_observed,San Mateo,36735,37.5681603459612,-122.32391967532075
md,Ridership_2017_observed,Santa Clara,10106,37.353207282614996,-121.93549376712492
md,Ridership_2017_observed,South San Francisco,26040,37.65434311314393,-122.40632367452082
md,Ridership_2017_observed,Sunnyvale,14477,37.37884425148521,-122.03140710781794
md,Ridership_2017_observed,Tamien,62,37.31274326682811,-121.88475697613043
md,Ridership_2017_observed,Transbay,0,37.789051867125714,-122.39702424974188
md,Ridership_2040_HSR2,22nd St,88288,37.757576360740146,-122.39241209707016
md,Ridership_2040_HSR2,4th and King,80166,37.77673761681249,-122.39494716886722
md,Ridership_2040_HSR2,Atherton,87823,37.46447556254199,-122.19767440578178
md,Ridership_2040_HSR2,Bayshore,91481,37.707716194010786,-122.40181692100869
md,Ridership_2040_HSR2,Belmont,95418,37.52120335901958,-122.27624353516848
md,Ridership_2040_HSR2,Blossom Hill,0,37.252451211010396,-121.79772696072882
md,Ridership_2040_HSR2,Broadway,100719,37.58728824070041,-122.36206316363042
md,Ridership_2040_HSR2,Burlingame,100812,37.579784239598354,-122.34406869702896
md,Ridership_2040_HSR2,California Ave,71207,37.428924920324114,-122.14130909428673
md,Ridership_2040_HSR2,Capitol,0,37.28400149341915,-121.84184124217718
md,Ridership_2040_HSR2,College Park,27435,37.34287482384451,-121.91566711874347
md,Ridership_2040_HSR2,Gilroy,0,37.004510163602646,-121.56675298501878
md,Ridership_2040_HSR2,Hayward Park,99448,37.5529445877276,-122.30942618742424
md,Ridership_2040_HSR2,Hillsdale,102393,37.54157217114981,-122.30068921820495
md,Ridership_2040_HSR2,Lawrence,40796,37.37054208586365,-121.99678611573393
md,Ridership_2040_HSR2,Menlo Park,88412,37.45481747441266,-122.18234505381756
md,Ridership_2040_HSR2,Millbrae,103478,37.60005813774365,-122.38716357110485
md,Ridership_2040_HSR2,Morgan Hill,0,37.12973319634205,-121.650645664784
md,Ridership_2040_HSR2,Mountain View,63953,37.39445754646227,-122.07593286878692
md,Ridership_2040_HSR2,Palo Alto,94457,37.44319218110702,-122.16441235036379
md,Ridership_2040_HSR2,Redwood City,97712,37.48575969310709,-122.23136195740514
md,Ridership_2040_HSR2,San Antonio,64976,37.407509282199506,-122.10751724793137
md,Ridership_2040_HSR2,San Bruno,92225,37.630742889729746,-122.41180196248293
md,Ridership_2040_HSR2,San Carlos,94581,37.50812619416385,-122.26029797578131
md,Ridership_2040_HSR2,San Jose Diridon,27776,37.32973433784033,-121.90337965869688
md,Ridership_2040_HSR2,San Martin,0,37.08595316953493,-121.61044251655308
md,Ridership_2040_HSR2,San Mateo,102517,37.5681603459612,-122.32391967532075
md,Ridership_2040_HSR2,Santa Clara,33294,37.353207282614996,-121.93549376712492
md,Ridership_2040_HSR2,South San Francisco,92380,37.65434311314393,-122.40632367452082
md,Ridership_2040_HSR2,Sunnyvale,50964,37.37884425148521,-122.03140710781794
md,Ridership_2040_HSR2,Tamien,5115,37.31274326682811,-121.88475697613043
md,Ridership_2040_HSR2,Transbay,45074,37.789051867125714,-122.39702424974188
md,Ridership_2040_high,22nd St,127968,37.757576360740146,-122.39241209707016
md,Ridership_2040_high,4th and King,117583,37.77673761681249,-122.39494716886722
md,Ridership_2040_high,Atherton,133703,37.46447556254199,-122.19767440578178
md,Ridership_2040_high,Bayshore,130696,37.707716194010786,-122.40181692100869
md,Ridership_2040_high,Belmont,140120,37.52120335901958,-122.27624353516848
md,Ridership_2040_high,Blossom Hill,11501,37.252451211010396,-121.79772696072882
md,Ridership_2040_high,Broadway,139686,37.58728824070041,-122.36206316363042
md,Ridership_2040_high,Burlingame,140771,37.579784239598354,-122.34406869702896
md,Ridership_2040_high,California Ave,108345,37.428924920324114,-122.14130909428673
md,Ridership_2040_high,Capitol,15841,37.28400149341915,-121.84184124217718
md,Ridership_2040_high,College Park,52235,37.34287482384451,-121.91566711874347
md,Ridership_2040_high,Gilroy,2821,37.004510163602646,-121.56675298501878
md,Ridership_2040_high,Hayward Park,141639,37.5529445877276,-122.30942618742424
md,Ridership_2040_high,Hillsdale,147839,37.54157217114981,-122.30068921820495
md,Ridership_2040_high,Lawrence,65844,37.37054208586365,-121.99678611573393
md,Ridership_2040_high,Menlo Park,135098,37.45481747441266,-122.18234505381756
md,Ridership_2040_high,Millbrae,144739,37.60005813774365,-122.38716357110485
md,Ridership_2040_high,Morgan Hill,5921,37.12973319634205,-121.650645664784
md,Ridership_2040_high,Mountain View,99324,37.39445754646227,-122.07593286878692
md,Ridership_2040_high,Palo Alto,141918,37.44319218110702,-122.16441235036379
md,Ridership_2040_high,Redwood City,147250,37.48575969310709,-122.23136195740514
md,Ridership_2040_high,San Antonio,100533,37.407509282199506,-122.10751724793137
md,Ridership_2040_high,San Bruno,133951,37.630742889729746,-122.41180196248293
md,Ridership_2040_high,San Carlos,140678,37.50812619416385,-122.26029797578131
md,Ridership_2040_high,San Jose Diridon,53413,37.32973433784033,-121.90337965869688
md,Ridership_2040_high,San Martin,2821,37.08595316953493,-121.61044251655308
md,Ridership_2040_high,San Mateo,142631,37.5681603459612,-122.32391967532075
md,Ridership_2040_high,Santa Clara,59737,37.353207282614996,-121.93549376712492
md,Ridership_2040_high,South San Francisco,137671,37.65434311314393,-122.40632367452082
md,Ridership_2040_high,Sunnyvale,83297,37.37884425148521,-122.03140710781794
md,Ridership_2040_high,Tamien,23808,37.31274326682811,-121.88475697613043
md,Ridership_2040_high,Transbay,69936,37.789051867125714,-122.39702424974188
md,Ridership_2040_moderate,22nd St,125488,37.757576360740146,-122.39241209707016
md,Ridership_2040_moderate,4th and King,117118,37.77673761681249,-122.39494716886722
md,Ridership_2040_moderate,Atherton,128309,37.46447556254199,-122.19767440578178
md,Ridership_2040_moderate,Bayshore,128929,37.707716194010786,-122.40181692100869
md,Ridership_2040_moderate,Belmont,134633,37.52120335901958,-122.27624353516848
md,Ridership_2040_moderate,Blossom Hill,8494,37.252451211010396,-121.79772696072882
md,Ridership_2040_moderate,Broadway,135656,37.58728824070041,-122.36206316363042
md,Ridership_2040_moderate,Burlingame,136431,37.579784239598354,-122.34406869702896
md,Ridership_2040_moderate,California Ave,103509,37.428924920324114,-122.14130909428673
md,Ridership_2040_moderate,Capitol,11563,37.28400149341915,-121.84184124217718
md,Ridership_2040_moderate,College Park,46934,37.34287482384451,-121.91566711874347
md,Ridership_2040_moderate,Gilroy,1705,37.004510163602646,-121.56675298501878
md,Ridership_2040_moderate,Hayward Park,137237,37.5529445877276,-122.30942618742424
md,Ridership_2040_moderate,Hillsdale,143561,37.54157217114981,-122.30068921820495
md,Ridership_2040_moderate,Lawrence,60667,37.37054208586365,-121.99678611573393
md,Ridership_2040_moderate,Menlo Park,128929,37.45481747441266,-122.18234505381756
md,Ridership_2040_moderate,Millbrae,140895,37.60005813774365,-122.38716357110485
md,Ridership_2040_moderate,Morgan Hill,3968,37.12973319634205,-121.650645664784
md,Ridership_2040_moderate,Mountain View,93930,37.39445754646227,-122.07593286878692
md,Ridership_2040_moderate,Palo Alto,136927,37.44319218110702,-122.16441235036379
md,Ridership_2040_moderate,Redwood City,142011,37.48575969310709,-122.23136195740514
md,Ridership_2040_moderate,San Antonio,95201,37.407509282199506,-122.10751724793137
md,Ridership_2040_moderate,San Bruno,131378,37.630742889729746,-122.41180196248293
md,Ridership_2040_moderate,San Carlos,134819,37.50812619416385,-122.26029797578131
md,Ridership_2040_moderate,San Jose Diridon,47957,37.32973433784033,-121.90337965869688
md,Ridership_2040_moderate,San Martin,1705,37.08595316953493,-121.61044251655308
md,Ridership_2040_moderate,San Mateo,137268,37.5681603459612,-122.32391967532075
md,Ridership_2040_moderate,Santa Clara,54436,37.353207282614996,-121.93549376712492
md,Ridership_2040_moderate,South San Francisco,135501,37.65434311314393,-122.40632367452082
md,Ridership_2040_moderate,Sunnyvale,78058,37.37884425148521,-122.03140710781794
md,Ridership_2040_moderate,Tamien,18848,37.31274326682811,-121.88475697613043
md,Ridership_2040_moderate,Transbay,69998,37.789051867125714,-122.39702424974188
pm,Ridership_2017_observed,22nd St,289602,37.757576360740146,-122.39241209707016
pm,Ridership_2017_observed,4th and King,285107,37.77673761681249,-122.39494716886722
pm,Ridership_2017_observed,Atherton,300793,37.46447556254199,-122.19767440578178
pm,Ridership_2017_observed,Bayshore,289850,37.707716194010786,-122.40181692100869
pm,Ridership_2017_observed,Belmont,308326,37.52120335901958,-122.27624353516848
pm,Ridership_2017_observed,Blossom Hill,15593,37.252451211010396,-121.79772696072882
pm,Ridership_2017_observed,Broadway,322462,37.58728824070041,-122.36206316363042
pm,Ridership_2017_observed,Burlingame,328972,37.579784239598354,-122.34406869702896
pm,Ridership_2017_observed,California Ave,323981,37.428924920324114,-122.14130909428673
pm,Ridership_2017_observed,Capitol,17329,37.28400149341915,-121.84184124217718
pm,Ridership_2017_observed,College Park,159216,37.34287482384451,-121.91566711874347
pm,Ridership_2017_observed,Gilroy,5239,37.004510163602646,-121.56675298501878
pm,Ridership_2017_observed,Hayward Park,321315,37.5529445877276,-122.30942618742424
pm,Ridership_2017_observed,Hillsdale,336226,37.54157217114981,-122.30068921820495
pm,Ridership_2017_observed,Lawrence,187116,37.37054208586365,-121.99678611573393
pm,Ridership_2017_observed,Menlo Park,313255,37.45481747441266,-122.18234505381756
pm,Ridership_2017_observed,Millbrae,332568,37.60005813774365,-122.38716357110485
pm,Ridership_2017_observed,Morgan Hill,12741,37.12973319634205,-121.650645664784
pm,Ridership_2017_observed,Mountain View,313348,37.39445754646227,-122.07593286878692
pm,Ridership_2017_observed,Palo Alto,344782,37.44319218110702,-122.16441235036379
pm,Ridership_2017_observed,Redwood City,332289,37.48575969310709,-122.23136195740514
pm,Ridership_2017_observed,San Antonio,316293,37.407509282199506,-122.10751724793137
pm,Ridership_2017_observed,San Bruno,299429,37.630742889729746,-122.41180196248293
pm,Ridership_2017_observed,San Carlos,312108,37.50812619416385,-122.26029797578131
pm,Ridership_2017_observed,San Jose Diridon,159650,37.32973433784033,-121.90337965869688
pm,Ridership_2017_observed,San Martin,7254,37.08595316953493,-121.61044251655308
pm,Ridership_2017_observed,San Mateo,336381,37.5681603459612,-122.32391967532075
pm,Ridership_2017_observed,Santa Clara,178467,37.353207282614996,-121.93549376712492
pm,Ridership_2017_observed,South San Francisco,296329,37.65434311314393,-122.40632367452082
pm,Ridership_2017_observed,Sunnyvale,259067,37.37884425148521,-122.03140710781794
pm,Ridership_2017_observed,Tamien,47554,37.31274326682811,-121.88475697613043
pm,Ridership_2017_observed,Transbay,0,37.789051867125714,-122.39702424974188
pm,Ridership_2040_HSR2,22nd St,792701,37.757576360740146,-122.39241209707016
pm,Ridership_2040_HSR2,4th and King,764305,37.77673761681249,-122.39494716886722
pm,Ridership_2040_HSR2,Atherton,740404,37.46447556254199,-122.19767440578178
pm,Ridership_2040_HSR2,Bayshore,809348,37.707716194010786,-122.40181692100869
pm,Ridership_2040_HSR2,Belmont,783959,37.52120335901958,-122.27624353516848
pm,Ridership_2040_HSR2,Blossom Hill,30256,37.252451211010396,-121.79772696072882
pm,Ridership_2040_HSR2,Broadway,836876,37.58728824070041,-122.36206316363042
pm,Ridership_2040_HSR2,Burlingame,834675,37.579784239598354,-122.34406869702896
pm,Ridership_2040_HSR2,California Ave,753951,37.428924920324114,-122.14130909428673
pm,Ridership_2040_HSR2,Capitol,39277,37.28400149341915,-121.84184124217718
pm,Ridership_2040_HSR2,College Park,326213,37.34287482384451,-121.91566711874347
pm,Ridership_2040_HSR2,Gilroy,7037,37.004510163602646,-121.56675298501878
pm,Ridership_2040_HSR2,Hayward Park,815455,37.5529445877276,-122.30942618742424
pm,Ridership_2040_HSR2,Hillsdale,850113,37.54157217114981,-122.30068921820495
pm,Ridership_2040_HSR2,Lawrence,461869,37.37054208586365,-121.99678611573393
pm,Ridership_2040_HSR2,Menlo Park,746790,37.45481747441266,-122.18234505381756
pm,Ridership_2040_HSR2,Millbrae,884554,37.60005813774365,-122.38716357110485
pm,Ridership_2040_HSR2,Morgan Hill,18383,37.12973319634205,-121.650645664784
pm,Ridership_2040_HSR2,Mountain View,728345,37.39445754646227,-122.07593286878692
pm,Ridership_2040_HSR2,Palo Alto,820570,37.44319218110702,-122.16441235036379
pm,Ridership_2040_HSR2,Redwood City,810557,37.48575969310709,-122.23136195740514
pm,Ridership_2040_HSR2,San Antonio,715945,37.407509282199506,-122.10751724793137
pm,Ridership_2040_HSR2,San Bruno,813161,37.630742889729746,-122.41180196248293
pm,Ridership_2040_HSR2,San Carlos,791337,37.50812619416385,-122.26029797578131
pm,Ridership_2040_HSR2,San Jose Diridon,329530,37.32973433784033,-121.90337965869688
pm,Ridership_2040_HSR2,San Martin,7037,37.08595316953493,-121.61044251655308
pm,Ridership_2040_HSR2,San Mateo,841898,37.5681603459612,-122.32391967532075
pm,Ridership_2040_HSR2,Santa Clara,375379,37.353207282614996,-121.93549376712492
pm,Ridership_2040_HSR2,South San Francisco,819857,37.65434311314393,-122.40632367452082
pm,Ridership_2040_HSR2,Sunnyvale,608530,37.37884425148521,-122.03140710781794
pm,Ridership_2040_HSR2,Tamien,105152,37.31274326682811,-121.88475697613043
pm,Ridership_2040_HSR2,Transbay,427800,37.789051867125714,-122.39702424974188
pm,Ridership_2040_high,22nd St,937812,37.757576360740146,-122.39241209707016
pm,Ridership_2040_high,4th and King,863257,37.77673761681249,-122.39494716886722
pm,Ridership_2040_high,Atherton,994418,37.46447556254199,-122.19767440578178
pm,Ridership_2040_high,Bayshore,951731,37.707716194010786,-122.40181692100869
pm,Ridership_2040_high,Belmont,1022008,37.52120335901958,-122.27624353516848
pm,Ridership_2040_high,Blossom Hill,61752,37.252451211010396,-121.79772696072882
pm,Ridership_2040_high,Broadway,1008895,37.58728824070041,-122.36206316363042
pm,Ridership_2040_high,Burlingame,1021884,37.579784239598354,-122.34406869702896
pm,Ridership_2040_high,California Ave,983661,37.428924920324114,-122.14130909428673
pm,Ridership_2040_high,Capitol,91233,37.28400149341915,-121.84184124217718
pm,Ridership_2040_high,College Park,421724,37.34287482384451,-121.91566711874347
pm,Ridership_2040_high,Gilroy,7378,37.004510163602646,-121.56675298501878
pm,Ridership_2040_high,Hayward Park,1039771,37.5529445877276,-122.30942618742424
pm,Ridership_2040_high,Hillsdale,1091975,37.54157217114981,-122.30068921820495
pm,Ridership_2040_high,Lawrence,589837,37.37054208586365,-121.99678611573393
pm,Ridership_2040_high,Menlo Park,1002881,37.45481747441266,-122.18234505381756
pm,Ridership_2040_high,Millbrae,1052481,37.60005813774365,-122.38716357110485
pm,Ridership_2040_high,Morgan Hill,19220,37.12973319634205,-121.650645664784
pm,Ridership_2040_high,Mountain View,941718,37.39445754646227,-122.07593286878692
pm,Ridership_2040_high,Palo Alto,1067113,37.44319218110702,-122.16441235036379
pm,Ridership_2040_high,Redwood City,1094951,37.48575969310709,-122.23136195740514
pm,Ridership_2040_high,San Antonio,932790,37.407509282199506,-122.10751724793137
pm,Ridership_2040_high,San Bruno,985149,37.630742889729746,-122.41180196248293
pm,Ridership_2040_high,San Carlos,1059053,37.50812619416385,-122.26029797578131
pm,Ridership_2040_high,San Jose Diridon,427180,37.32973433784033,-121.90337965869688
pm,Ridership_2040_high,San Martin,7378,37.08595316953493,-121.61044251655308
pm,Ridership_2040_high,San Mateo,1044204,37.5681603459612,-122.32391967532075
pm,Ridership_2040_high,Santa Clara,485801,37.353207282614996,-121.93549376712492
pm,Ridership_2040_high,South San Francisco,996774,37.65434311314393,-122.40632367452082
pm,Ridership_2040_high,Sunnyvale,803179,37.37884425148521,-122.03140710781794
pm,Ridership_2040_high,Tamien,187519,37.31274326682811,-121.88475697613043
pm,Ridership_2040_high,Transbay,417725,37.789051867125714,-122.39702424974188
pm,Ridership_2040_moderate,22nd St,848625,37.757576360740146,-122.39241209707016
pm,Ridership_2040_moderate,4th and King,815114,37.77673761681249,-122.39494716886722
pm,Ridership_2040_moderate,Atherton,849493,37.46447556254199,-122.19767440578178
pm,Ridership_2040_moderate,Bayshore,859537,37.707716194010786,-122.40181692100869
pm,Ridership_2040_moderate,Belmont,884895,37.52120335901958,-122.27624353516848
pm,Ridership_2040_moderate,Blossom Hill,47213,37.252451211010396,-121.79772696072882
pm,Ridership_2040_moderate,Broadway,904239,37.58728824070041,-122.36206316363042
pm,Ridership_2040_moderate,Burlingame,910842,37.579784239598354,-122.34406869702896
pm,Ridership_2040_moderate,California Ave,856933,37.428924920324114,-122.14130909428673
pm,Ridership_2040_moderate,Capitol,72478,37.28400149341915,-121.84184124217718
pm,Ridership_2040_moderate,College Park,367660,37.34287482384451,-121.91566711874347
pm,Ridership_2040_moderate,Gilroy,4464,37.004510163602646,-121.56675298501878
pm,Ridership_2040_moderate,Hayward Park,907959,37.5529445877276,-122.30942618742424
pm,Ridership_2040_moderate,Hillsdale,949623,37.54157217114981,-122.30068921820495
pm,Ridership_2040_moderate,Lawrence,505703,37.37054208586365,-121.99678611573393
pm,Ridership_2040_moderate,Menlo Park,864063,37.45481747441266,-122.18234505381756
pm,Ridership_2040_moderate,Millbrae,949685,37.60005813774365,-122.38716357110485
pm,Ridership_2040_moderate,Morgan Hill,14136,37.12973319634205,-121.650645664784
pm,Ridership_2040_moderate,Mountain View,809441,37.39445754646227,-122.07593286878692
pm,Ridership_2040_moderate,Palo Alto,911989,37.44319218110702,-122.16441235036379
pm,Ridership_2040_moderate,Redwood City,926807,37.48575969310709,-122.23136195740514
pm,Ridership_2040_moderate,San Antonio,802931,37.407509282199506,-122.10751724793137
pm,Ridership_2040_moderate,San Bruno,889080,37.630742889729746,-122.41180196248293
pm,Ridership_2040_moderate,San Carlos,897388,37.50812619416385,-122.26029797578131
pm,Ridership_2040_moderate,San Jose Diridon,371380,37.32973433784033,-121.90337965869688
pm,Ridership_2040_moderate,San Martin,4464,37.08595316953493,-121.61044251655308
pm,Ridership_2040_moderate,San Mateo,908889,37.5681603459612,-122.32391967532075
pm,Ridership_2040_moderate,Santa Clara,431520,37.353207282614996,-121.93549376712492
pm,Ridership_2040_moderate,South San Francisco,901263,37.65434311314393,-122.40632367452082
pm,Ridership_2040_moderate,Sunnyvale,689068,37.37884425148521,-122.03140710781794
pm,Ridership_2040_moderate,Tamien,143220,37.31274326682811,-121.88475697613043
pm,Ridership_2040_moderate,Transbay,452321,37.789051867125714,-122.39702424974188
wknd,Ridership_2017_observed,22nd St,121613,37.757576360740146,-122.39241209707016
wknd,Ridership_2017_observed,4th and King,112654,37.77673761681249,-122.39494716886722
wknd,Ridership_2017_observed,Atherton,132494,37.46447556254199,-122.19767440578178
wknd,Ridership_2017_observed,Bayshore,124806,37.707716194010786,-122.40181692100869
wknd,Ridership_2017_observed,Belmont,146878,37.52120335901958,-122.27624353516848
wknd,Ridership_2017_observed,Blossom Hill,0,37.252451211010396,-121.79772696072882
wknd,Ridership_2017_observed,Broadway,153450,37.58728824070041,-122.36206316363042
wknd,Ridership_2017_observed,Burlingame,154752,37.579784239598354,-122.34406869702896
wknd,Ridership_2017_observed,California Ave,109027,37.428924920324114,-122.14130909428673
wknd,Ridership_2017_observed,Capitol,0,37.28400149341915,-121.84184124217718
wknd,Ridership_2017_observed,College Park,36239,37.34287482384451,-121.91566711874347
wknd,Ridership_2017_observed,Gilroy,0,37.004510163602646,-121.56675298501878
wknd,Ridership_2017_observed,Hayward Park,151063,37.5529445877276,-122.30942618742424
wknd,Ridership_2017_observed,Hillsdale,153698,37.54157217114981,-122.30068921820495
wknd,Ridership_2017_observed,Lawrence,52297,37.37054208586365,-121.99678611573393
wknd,Ridership_2017_observed,Menlo Park,134974,37.45481747441266,-122.18234505381756
wknd,Ridership_2017_observed,Millbrae,153760,37.60005813774365,-122.38716357110485
wknd,Ridership_2017_observed,Morgan Hill,0,37.12973319634205,-121.650645664784
wknd,Ridership_2017_observed,Mountain View,97867,37.39445754646227,-122.07593286878692
wknd,Ridership_2017_observed,Palo Alto,136307,37.44319218110702,-122.16441235036379
wknd,Ridership_2017_observed,Redwood City,148955,37.48575969310709,-122.23136195740514
wknd,Ridership_2017_observed,San Antonio,101401,37.407509282199506,-122.10751724793137
wknd,Ridership_2017_observed,San Bruno,129518,37.630742889729746,-122.41180196248293
wknd,Ridership_2017_observed,San Carlos,144956,37.50812619416385,-122.26029797578131
wknd,Ridership_2017_observed,San Jose Diridon,36239,37.32973433784033,-121.90337965869688
wknd,Ridership_2017_observed,San Martin,0,37.08595316953493,-121.61044251655308
wknd,Ridership_2017_observed,San Mateo,156333,37.5681603459612,-122.32391967532075
wknd,Ridership_2017_observed,Santa Clara,47492,37.353207282614996,-121.93549376712492
wknd,Ridership_2017_observed,South San Francisco,126790,37.65434311314393,-122.40632367452082
wknd,Ridership_2017_observed,Sunnyvale,73594,37.37884425148521,-122.03140710781794
wknd,Ridership_2017_observed,Tamien,0,37.31274326682811,-121.88475697613043
wknd,Ridership_2017_observed,Transbay,0,37.789051867125714,-122.39702424974188
wknd,Ridership_2040_HSR2,22nd St,378417,37.757576360740146,-122.39241209707016
wknd,Ridership_2040_HSR2,4th and King,352408,37.77673761681249,-122.39494716886722
wknd,Ridership_2040_HSR2,Atherton,282596,37.46447556254199,-122.19767440578178
wknd,Ridership_2040_HSR2,Bayshore,400489,37.707716194010786,-122.40181692100869
wknd,Ridership_2040_HSR2,Belmont,308078,37.52120335901958,-122.27624353516848
wknd,Ridership_2040_HSR2,Blossom Hill,0,37.252451211010396,-121.79772696072882
wknd,Ridership_2040_HSR2,Broadway,387469,37.58728824070041,-122.36206316363042
wknd,Ridership_2040_HSR2,Burlingame,379719,37.579784239598354,-122.34406869702896
wknd,Ridership_2040_HSR2,California Ave,240467,37.428924920324114,-122.14130909428673
wknd,Ridership_2040_HSR2,Capitol,0,37.28400149341915,-121.84184124217718
wknd,Ridership_2040_HSR2,College Park,110546,37.34287482384451,-121.91566711874347
wknd,Ridership_2040_HSR2,Gilroy,0,37.004510163602646,-121.56675298501878
wknd,Ridership_2040_HSR2,Hayward Park,351850,37.5529445877276,-122.30942618742424
wknd,Ridership_2040_HSR2,Hillsdale,355012,37.54157217114981,-122.30068921820495
wknd,Ridership_2040_HSR2,Lawrence,149606,37.37054208586365,-121.99678611573393
wknd,Ridership_2040_HSR2,Menlo Park,286192,37.45481747441266,-122.18234505381756
wknd,Ridership_2040_HSR2,Millbrae,415245,37.60005813774365,-122.38716357110485
wknd,Ridership_2040_HSR2,Morgan Hill,0,37.12973319634205,-121.650645664784
wknd,Ridership_2040_HSR2,Mountain View,229741,37.39445754646227,-122.07593286878692
wknd,Ridership_2040_HSR2,Palo Alto,316789,37.44319218110702,-122.16441235036379
wknd,Ridership_2040_HSR2,Redwood City,323609,37.48575969310709,-122.23136195740514
wknd,Ridership_2040_HSR2,San Antonio,228284,37.407509282199506,-122.10751724793137
wknd,Ridership_2040_HSR2,San Bruno,387159,37.630742889729746,-122.41180196248293
wknd,Ridership_2040_HSR2,San Carlos,304885,37.50812619416385,-122.26029797578131
wknd,Ridership_2040_HSR2,San Jose Diridon,110546,37.32973433784033,-121.90337965869688
wknd,Ridership_2040_HSR2,San Martin,0,37.08595316953493,-121.61044251655308
wknd,Ridership_2040_HSR2,San Mateo,375441,37.5681603459612,-122.32391967532075
wknd,Ridership_2040_HSR2,Santa Clara,129828,37.353207282614996,-121.93549376712492
wknd,Ridership_2040_HSR2,South San Francisco,402256,37.65434311314393,-122.40632367452082
wknd,Ridership_2040_HSR2,Sunnyvale,184884,37.37884425148521,-122.03140710781794
wknd,Ridership_2040_HSR2,Tamien,20398,37.31274326682811,-121.88475697613043
wknd,Ridership_2040_HSR2,Transbay,185349,37.789051867125714,-122.39702424974188
wknd,Ridership_2040_high,22nd St,582676,37.757576360740146,-122.39241209707016
wknd,Ridership_2040_high,4th and King,550467,37.77673761681249,-122.39494716886722
wknd,Ridership_2040_high,Atherton,454894,37.46447556254199,-122.19767440578178
wknd,Ridership_2040_high,Bayshore,616032,37.707716194010786,-122.40181692100869
wknd,Ridership_2040_high,Belmont,483724,37.52120335901958,-122.27624353516848
wknd,Ridership_2040_high,Blossom Hill,17422,37.252451211010396,-121.79772696072882
wknd,Ridership_2040_high,Broadway,561317,37.58728824070041,-122.36206316363042
wknd,Ridership_2040_high,Burlingame,557535,37.579784239598354,-122.34406869702896
wknd,Ridership_2040_high,California Ave,352253,37.428924920324114,-122.14130909428673
wknd,Ridership_2040_high,Capitol,24800,37.28400149341915,-121.84184124217718
wknd,Ridership_2040_high,College Park,178126,37.34287482384451,-121.91566711874347
wknd,Ridership_2040_high,Gilroy,2573,37.004510163602646,-121.56675298501878
wknd,Ridership_2040_high,Hayward Park,536486,37.5529445877276,-122.30942618742424
wknd,Ridership_2040_high,Hillsdale,546902,37.54157217114981,-122.30068921820495
wknd,Ridership_2040_high,Lawrence,225308,37.37054208586365,-121.99678611573393
wknd,Ridership_2040_high,Menlo Park,458800,37.45481747441266,-122.18234505381756
wknd,Ridership_2040_high,Millbrae,600253,37.60005813774365,-122.38716357110485
wknd,Ridership_2040_high,Morgan Hill,8432,37.12973319634205,-121.650645664784
wknd,Ridership_2040_high,Mountain View,337683,37.39445754646227,-122.07593286878692
wknd,Ridership_2040_high,Palo Alto,492962,37.44319218110702,-122.16441235036379
wknd,Ridership_2040_high,Redwood City,514879,37.48575969310709,-122.23136195740514
wknd,Ridership_2040_high,San Antonio,335172,37.407509282199506,-122.10751724793137
wknd,Ridership_2040_high,San Bruno,578119,37.630742889729746,-122.41180196248293
wknd,Ridership_2040_high,San Carlos,482143,37.50812619416385,-122.26029797578131
wknd,Ridership_2040_high,San Jose Diridon,180358,37.32973433784033,-121.90337965869688
wknd,Ridership_2040_high,San Martin,2573,37.08595316953493,-121.61044251655308
wknd,Ridership_2040_high,San Mateo,554838,37.5681603459612,-122.32391967532075
wknd,Ridership_2040_high,Santa Clara,204569,37.353207282614996,-121.93549376712492
wknd,Ridership_2040_high,South San Francisco,629796,37.65434311314393,-122.40632367452082
wknd,Ridership_2040_high,Sunnyvale,279496,37.37884425148521,-122.03140710781794
wknd,Ridership_2040_high,Tamien,59117,37.31274326682811,-121.88475697613043
wknd,Ridership_2040_high,Transbay,329592,37.789051867125714,-122.39702424974188
wknd,Ridership_2040_moderate,22nd St,568478,37.757576360740146,-122.39241209707016
wknd,Ridership_2040_moderate,4th and King,548576,37.77673761681249,-122.39494716886722
wknd,Ridership_2040_moderate,Atherton,424390,37.46447556254199,-122.19767440578178
wknd,Ridership_2040_moderate,Bayshore,604066,37.707716194010786,-122.40181692100869
wknd,Ridership_2040_moderate,Belmont,453561,37.52120335901958,-122.27624353516848
wknd,Ridership_2040_moderate,Blossom Hill,14074,37.252451211010396,-121.79772696072882
wknd,Ridership_2040_moderate,Broadway,535804,37.58728824070041,-122.36206316363042
wknd,Ridership_2040_moderate,Burlingame,531526,37.579784239598354,-122.34406869702896
wknd,Ridership_2040_moderate,California Ave,323640,37.428924920324114,-122.14130909428673
wknd,Ridership_2040_moderate,Capitol,20305,37.28400149341915,-121.84184124217718
wknd,Ridership_2040_moderate,College Park,159960,37.34287482384451,-121.91566711874347
wknd,Ridership_2040_moderate,Gilroy,1798,37.004510163602646,-121.56675298501878
wknd,Ridership_2040_moderate,Hayward Park,513515,37.5529445877276,-122.30942618742424
wknd,Ridership_2040_moderate,Hillsdale,523652,37.54157217114981,-122.30068921820495
wknd,Ridership_2040_moderate,Lawrence,203422,37.37054208586365,-121.99678611573393
wknd,Ridership_2040_moderate,Menlo Park,427924,37.45481747441266,-122.18234505381756
wknd,Ridership_2040_moderate,Millbrae,576197,37.60005813774365,-122.38716357110485
wknd,Ridership_2040_moderate,Morgan Hill,6386,37.12973319634205,-121.650645664784
wknd,Ridership_2040_moderate,Mountain View,312976,37.39445754646227,-122.07593286878692
wknd,Ridership_2040_moderate,Palo Alto,463047,37.44319218110702,-122.16441235036379
wknd,Ridership_2040_moderate,Redwood City,485646,37.48575969310709,-122.23136195740514
wknd,Ridership_2040_moderate,San Antonio,308047,37.407509282199506,-122.10751724793137
wknd,Ridership_2040_moderate,San Bruno,562836,37.630742889729746,-122.41180196248293
wknd,Ridership_2040_moderate,San Carlos,450523,37.50812619416385,-122.26029797578131
wknd,Ridership_2040_moderate,San Jose Diridon,160580,37.32973433784033,-121.90337965869688
wknd,Ridership_2040_moderate,San Martin,1798,37.08595316953493,-121.61044251655308
wknd,Ridership_2040_moderate,San Mateo,524923,37.5681603459612,-122.32391967532075
wknd,Ridership_2040_moderate,Santa Clara,184512,37.353207282614996,-121.93549376712492
wknd,Ridership_2040_moderate,South San Francisco,616156,37.65434311314393,-122.40632367452082
wknd,Ridership_2040_moderate,Sunnyvale,256370,37.37884425148521,-122.03140710781794
wknd,Ridership_2040_moderate,Tamien,44981,37.31274326682811,-121.88475697613043
wknd,Ridership_2040_moderate,Transbay,330212,37.789051867125714,-122.39702424974188
